Gene,Param,Amount,Annotation,Annotation2,Effect,Effect2
APC,0,0,Likely,Oncogenic,Likely,Loss-of-function
ARAF,0,0,Oncogenic,Gain-of-function,,
ARAF,0,0,Likely,Oncogenic,Likely,Gain-of-function
ARID1A,IKK,1.5,Likely,Oncogenic,Likely,Loss-of-function
ARID1B,IKK,1.5,Likely,Oncogenic,Likely,Loss-of-function
ARID2,0,0,Likely,Oncogenic,Likely,Loss-of-function
ASXL1,k1_81-apoptosis,1.5,Likely,Oncogenic,Likely,Loss-of-function
ASXL2,0,0,Likely,Oncogenic,Likely,Loss-of-function
ATM,0,0,Likely,Oncogenic,Likely,Loss-of-function
ATRX,0,0,Likely,Oncogenic,Likely,Loss-of-function
B2M,0,0,Likely,Oncogenic,Loss-of-function,
B2M,0,0,Likely,Oncogenic,Likely,Loss-of-function
B2M,0,0,Likely,Oncogenic,Unknown,
BCL10,IKK,1.5,Likely,Oncogenic,Likely,Loss-of-function
BCL10,IKK,1.5,Likely,Oncogenic,Likely,Gain-of-function
BCL2,k1_bcl2Exp-linking,1.5,Likely,Oncogenic,Gain-of-function,
BCL2,k1_bcl2Exp-linking,1.5,Likely,Oncogenic,Likely,Gain-of-function
BCL2,k1_bcl2Exp-linking,1.5,Likely,Oncogenic,Unknown,
BCL7A,0,0,Likely,Oncogenic,Likely,Loss-of-function
BCOR,k1_s_Bcl6-differentiation,1.5,Likely,Oncogenic,Likely,Loss-of-function
BCOR,k1_s_Bcl6-differentiation,1.5,Likely,Oncogenic,Unknown,
BCORL1,k1_s_Bcl6-differentiation,1.5,Likely,Oncogenic,Likely,Loss-of-function
BIRC3,nik_deg_mod-nfkb,0.5,Likely,Oncogenic,Likely,Loss-of-function
BLM,0,0,Likely,Oncogenic,Likely,Loss-of-function
BRAF,0,0,Oncogenic,Gain-of-function,,
BRAF,0,0,Likely,Oncogenic,Gain-of-function,
BRAF,0,0,Likely,Neutral,Likely,Neutral
BRAF,0,0,Likely,Oncogenic,Likely,Gain-of-function
BTG1,k2_9-cellCycle,1.5,Likely,Oncogenic,Likely,Loss-of-function
BTG2,k2_9-cellCycle,1.5,Likely,Oncogenic,Likely,Loss-of-function
CARD11,IKK,0,Likely,Oncogenic,Unknown,
CARD11,IKK,1.5,Likely,Oncogenic,Gain-of-function,
CARD11,IKK,1.5,Likely,Oncogenic,Likely,Gain-of-function
CARD11,IKK,1.5,Oncogenic,Gain-of-function,,
CARD11,IKK,0,Resistance,Inconclusive,,
CASP8,k1_76-apoptosis,0.5,Likely,Oncogenic,Likely,Loss-of-function
CBL,IKK,1.5,Likely,Oncogenic,Likely,Loss-of-function
CCND3,k2_9-cellCycle,1.5,Likely,Oncogenic,Likely,Gain-of-function
CCND3,k2_9-cellCycle,1.5,Likely,Oncogenic,Gain-of-function,
CD58,0,0,Likely,Oncogenic,Likely,Loss-of-function
CD79B,IKK,1.5,Likely,Oncogenic,Likely,Gain-of-function
CD79B,IKK,1.5,Oncogenic,Gain-of-function,,
CDKN1B,k2_5-cellCycle,0.5,Likely,Oncogenic,Likely,Loss-of-function
CDKN2A,k2_5-cellCycle,0.5,Likely,Oncogenic,Likely,Loss-of-function
CDKN2A,k2_5-cellCycle,0.5,Oncogenic,Loss-of-function,,
CHD2,0,0,Likely,Oncogenic,Likely,Loss-of-function
CHEK2,0,0,Likely,Oncogenic,Likely,Loss-of-function
CIITA,0,0,Likely,Oncogenic,Likely,Loss-of-function
CREBBP,k1_s_Bcl6-differentiation,1.5,Likely,Oncogenic,Likely,Loss-of-function
CREBBP,k1_s_Bcl6-differentiation,1.5,Likely,Oncogenic,Loss-of-function,
CREBBP,k1_s_Bcl6-differentiation,1.5,Likely,Oncogenic,Unknown,
CTCF,0,0,Likely,Oncogenic,Likely,Loss-of-function
CTNNB1,0,0,Oncogenic,Gain-of-function,,
CUX1,0,0,Likely,Oncogenic,Likely,Loss-of-function
CXCR4,0,0,Likely,Oncogenic,Likely,Gain-of-function
CXCR4,0,0,Oncogenic,Gain-of-function,,
CYLD,IKK,1.5,Likely,Oncogenic,Likely,Loss-of-function
DDX3X,0,0,Likely,Oncogenic,Likely,Loss-of-function
DIS3,0,0,Likely,Oncogenic,Likely,Loss-of-function
DNMT3A,0,0,Likely,Oncogenic,Likely,Loss-of-function
DNMT3A,0,0,Oncogenic,Loss-of-function,,
DTX1,0,0,Likely,Oncogenic,Likely,Loss-of-function
DTX1,0,0,Likely,Neutral,Likely,Neutral
DTX1,0,0,Likely,Oncogenic,Loss-of-function,
EED,0,0,Likely,Oncogenic,Likely,Loss-of-function
EGR1,0,0,Likely,Oncogenic,Likely,Loss-of-function
EP300,0,0,Likely,Oncogenic,Likely,Loss-of-function
EP300,0,0,Likely,Oncogenic,Unknown,
EP300,0,0,Likely,Oncogenic,Loss-of-function,
ETV6,0,0,Likely,Oncogenic,Likely,Loss-of-function
EZH2,0,0,Oncogenic,Likely,Gain-of-function,
EZH2,0,0,Likely,Oncogenic,Likely,Gain-of-function
FAS,k1_bcl2Exp-linking,1.5,Likely,Oncogenic,Likely,Loss-of-function
FAT1,0,0,Likely,Oncogenic,Likely,Loss-of-function
FBXO11,k1_s_Bcl6-differentiation,1.5,Likely,Oncogenic,Likely,Loss-of-function
FBXW7,"k1_mycExp-linking, k1_bcl2Exp-linking","1.5,1.5",Oncogenic,Loss-of-function,,
FBXW7,"k1_mycExp-linking, k1_bcl2Exp-linking","1.5,1.5",Likely,Oncogenic,Likely,Loss-of-function
FGFR3,0,0,Likely,Oncogenic,Likely,Gain-of-function
FOXO1,IKK,1.5,Likely,Oncogenic,Likely,Loss-of-function
GNA13,k1_bcl2Exp-linking,1.5,Likely,Oncogenic,Likely,Loss-of-function
HIST1H1B,0,0,Likely,Oncogenic,Likely,Loss-of-function
HIST1H1D,0,0,Likely,Oncogenic,Likely,Loss-of-function
ID3,k3_7-cellCycle,1.5,Likely,Oncogenic,Likely,Loss-of-function
IDH2,0,0,Oncogenic,Switch-of-function,,
IRF1,k1_bcl2Exp-linking,1.5,Likely,Oncogenic,Likely,Loss-of-function
IRF8,k1_s_IRF4-linking,0.5,Likely,Oncogenic,Likely,Loss-of-function
KDM6A,0,0,Likely,Oncogenic,Likely,Loss-of-function
KLF2,IKK,1.5,Likely,Oncogenic,Likely,Loss-of-function
KLF2,0,0,Likely,Neutral,Likely,Neutral
KLF2,IKK,1.5,Oncogenic,Likely,Loss-of-function,
KLHL6,IKK,1.5,Likely,Oncogenic,Likely,Loss-of-function
KMT2C,0,0,Likely,Oncogenic,Likely,Loss-of-function
KMT2D,0,0,Likely,Oncogenic,Likely,Loss-of-function
KRAS,0,0,Oncogenic,Gain-of-function,,
MAP2K1,0,0,Oncogenic,Gain-of-function,,
MAP2K1,0,0,Likely,Oncogenic,Likely,Gain-of-function
MAP2K1,0,0,Likely,Oncogenic,Gain-of-function,
MAX,0,0,Likely,Oncogenic,Likely,Loss-of-function
MEF2B,k1_s_Bcl6-differentiation,1.5,Oncogenic,Gain-of-function,,
MEF2B,k1_s_Bcl6-differentiation,1.5,Likely,Oncogenic,Likely,Gain-of-function
MEF2B,k1_s_Bcl6-differentiation,1.5,Oncogenic,Likely,Gain-of-function,
MGA,k1_mycExp-linking,1.5,Likely,Oncogenic,Likely,Loss-of-function
MLH1,0,0,Likely,Oncogenic,Likely,Loss-of-function
MSH2,0,0,Likely,Oncogenic,Likely,Loss-of-function
MSH6,0,0,Likely,Oncogenic,Likely,Loss-of-function
MTOR,0,0,Likely,Oncogenic,Gain-of-function,
MTOR,0,0,Oncogenic,Gain-of-function,,
MYC,k1_mycTsl-linking,1.5,Likely,Oncogenic,Likely,Gain-of-function
MYC,k1_mycTsl-linking,1.5,Likely,Oncogenic,Unknown,
NF1,0,0,Likely,Oncogenic,Likely,Loss-of-function
NF2,0,0,Likely,Oncogenic,Likely,Loss-of-function
NFKBIA,kmax_IkBaSynth-NFkB,0.5,Likely,Oncogenic,Likely,Loss-of-function
NOTCH1,0,0,Likely,Oncogenic,Likely,Gain-of-function
NOTCH1,0,0,Oncogenic,Likely,Loss-of-function,
NOTCH2,0,0,Likely,Oncogenic,Likely,Gain-of-function
NOTCH2,0,0,Likely,Oncogenic,Likely,Loss-of-function
NRAS,k2_9-cellCycle,1.5,Oncogenic,Gain-of-function,,
NRAS,k2_9-cellCycle,1.5,Likely,Oncogenic,Likely,Gain-of-function
PAX5,k1_e_pax5-differentiation,0.5,Likely,Oncogenic,Likely,Loss-of-function
PBRM1,0,0,Likely,Oncogenic,Likely,Loss-of-function
PHF6,0,0,Likely,Oncogenic,Likely,Loss-of-function
PIK3CA,IKK,1.5,Oncogenic,Gain-of-function,,
PIK3CD,IKK,1.5,Likely,Oncogenic,Gain-of-function,
PIK3R1,IKK,1.5,Likely,Oncogenic,Loss-of-function,
PIK3R1,IKK,1.5,Likely,Oncogenic,Likely,Loss-of-function
PIM1,IKK,1.5,Likely,Oncogenic,Likely,Gain-of-function
PIM1,0,0,Likely,Oncogenic,Unknown,
PIM1,0,0,Likely,Oncogenic,Likely,Loss-of-function
PIM1,0,0,Likely,Neutral,Likely,Loss-of-function
PIM1,0,0,Likely,Neutral,Likely,Neutral
PMS2,0,0,Likely,Oncogenic,Likely,Loss-of-function
POT1,0,0,Likely,Oncogenic,Likely,Loss-of-function
PPM1D,k1_bcl2Exp-linking,1.5,Likely,Oncogenic,Likely,Gain-of-function
PRDM1,k1_s_Blimp1-differentiation,0.5,Likely,Oncogenic,Likely,Loss-of-function
PTCH1,0,0,Likely,Oncogenic,Likely,Loss-of-function
PTEN,0,0,Likely,Oncogenic,Likely,Loss-of-function
PTEN,0,0,Oncogenic,Loss-of-function,,
PTPRD,k1_NFkBImport,1.5,Likely,Oncogenic,Likely,Loss-of-function
RB1,k1_19-cellCycle,0.5,Likely,Oncogenic,Likely,Loss-of-function
RHOA,0,0,Likely,Oncogenic,Likely,Gain-of-function
RHOA,0,0,Likely,Oncogenic,Likely,Loss-of-function
RHOA,0,0,Oncogenic,Loss-of-function,,
ROBO1,0,0,Likely,Oncogenic,Likely,Loss-of-function
SETD2,0,0,Likely,Oncogenic,Likely,Loss-of-function
SF3B1,0,0,Likely,Oncogenic,Switch-of-function,
SH2B3,0,0,Likely,Oncogenic,Likely,Loss-of-function
SMARCA4,0,0,Likely,Oncogenic,Loss-of-function,
SMARCA4,0,0,Likely,Oncogenic,Likely,Loss-of-function
SMARCB1,0,0,Likely,Oncogenic,Likely,Loss-of-function
SOCS1,0,0,Likely,Oncogenic,Likely,Loss-of-function
SOCS1,0,0,Likely,Oncogenic,Unknown,
SPEN,0,0,Likely,Oncogenic,Likely,Loss-of-function
SRSF2,0,0,Likely,Oncogenic,Likely,Loss-of-function
SRSF2,0,0,Oncogenic,Loss-of-function,,
SRSF2,0,0,Likely,Oncogenic,Unknown,
STAT3,k1_NFkBImport,1.5,Oncogenic,Gain-of-function,,
STAT3,k1_NFkBImport,1.5,Likely,Oncogenic,Likely,Gain-of-function
STAT3,k1_NFkBImport,1.5,Likely,Oncogenic,Gain-of-function,
SUZ12,0,0,Likely,Oncogenic,Likely,Loss-of-function
TCF3,0,0,Likely,Oncogenic,Loss-of-function,
TCF3,0,0,Likely,Oncogenic,Likely,Loss-of-function
TET2,0,0,Likely,Oncogenic,Likely,Loss-of-function
TNFAIP3,IKK,1.5,Likely,Oncogenic,Likely,Loss-of-function
TNFRSF14,nik_deg_mod-nfkb,0.5,Likely,Oncogenic,Likely,Loss-of-function
TNFRSF14,0,0,Likely,Oncogenic,Unknown,
TP53,k1_bcl2Exp-linking,1.5,Likely,Oncogenic,Likely,Loss-of-function
TP53,k1_bcl2Exp-linking,1.5,Likely,Oncogenic,Loss-of-function,
TP53,k1_bcl2Exp-linking,1.5,Oncogenic,Loss-of-function,,
TP53,0,0,Likely,Oncogenic,Likely,Gain-of-function
U2AF1,0,0,Oncogenic,Likely,Gain-of-function,
U2AF1,0,0,Likely,Oncogenic,Likely,Gain-of-function
WHSC1,0,0,Oncogenic,Gain-of-function,,
XPO1,IKK,1.5,Oncogenic,Gain-of-function,,
ZFP36L1,0,0,Likely,Oncogenic,Likely,Loss-of-function
