PATIENT,GENE,ALTERATION,TYPE
DLBCL-BWH_DLBCL64,NFKBIE,AMP,CNA
DLBCL-BWH_DLBCL64,BAD,AMP,CNA
DLBCL-BWH_DLBCL64,REL,AMP,CNA
DLBCL-BWH_DLBCL64,PRDM1,HETLOSS,CNA
DLBCL-DFCI_DLBCL_GOE05,BCL2,AMP,CNA
DLBCL-DFCI_DLBCL_GOE07,CCNB1,AMP,CNA
DLBCL-DFCI_DLBCL_GOE07,NFKBIE,AMP,CNA
DLBCL-DFCI_DLBCL_GOE07,CYCS,AMP,CNA
DLBCL-DFCI_DLBCL_GOE07,BCL2,AMP,CNA
DLBCL-DFCI_DLBCL_GOE16,CYCS,AMP,CNA
DLBCL-DFCI_DLBCL_Goe05,MYD88,L265P,MISSENSE
DLBCL-DFCI_DLBCL_Goe05,TP53,N239D,MISSENSE
DLBCL-DFCI_DLBCL_Goe05,,,
DLBCL-DFCI_DLBCL_Goe08,,,
DLBCL-DFCI_DLBCL_Goe16,BCL2,N172S,MISSENSE
DLBCL-DFCI_DLBCL_Goe16,BCL2,T125S,MISSENSE
DLBCL-DFCI_DLBCL_Goe16,BCL2,P57L,MISSENSE
DLBCL-DFCI_DLBCL_Goe16,MYC,F153S,MISSENSE
DLBCL-DFCI_DLBCL_Goe16,MYC,S184C,MISSENSE
DLBCL-DFCI_DLBCL_Goe16,BCL2,N172S,MISSENSE
DLBCL-DFCI_DLBCL_Goe16,BCL2,T125S,MISSENSE
DLBCL-DFCI_DLBCL_Goe16,BCL2,P57L,MISSENSE
DLBCL-DFCI_DLBCL_Goe16,BCL2,N172S,MISSENSE
DLBCL-DFCI_DLBCL_Goe16,BCL2,T125S,MISSENSE
DLBCL-DFCI_DLBCL_Goe16,BCL2,P57L,MISSENSE
DLBCL-DFCI_DLBCL_Goe16,,,
DLBCL-DFCI_DLBCL_Goe17,,,
DLBCL-LS1065,NFKBIE,AMP,CNA
DLBCL-LS1065,NFKBIB,AMP,CNA
DLBCL-LS1065,CCNE1,AMP,CNA
DLBCL-LS1065,BAX,AMP,CNA
DLBCL-LS1065,CASP3,HETLOSS,CNA
DLBCL-LS1065,TP53,G245S,MISSENSE
DLBCL-LS1065,,,
DLBCL-LS1098,PARP1,AMP,CNA
DLBCL-LS1098,MCL1,AMP,CNA
DLBCL-LS1098,NFKBIE,AMP,CNA
DLBCL-LS1098,CYCS,AMP,CNA
DLBCL-LS1098,NFKBIB,AMP,CNA
DLBCL-LS1098,CCNE1,AMP,CNA
DLBCL-LS1098,BAX,AMP,CNA
DLBCL-LS1098,,,
DLBCL-LS1304,MYD88,AMP,CNA
DLBCL-LS1304,CD79B,Y197N,MISSENSE
DLBCL-LS1304,,,
DLBCL-LS1395,BAD,AMP,CNA
DLBCL-LS1395,CARD11,D357V,MISSENSE
DLBCL-LS1395,CARD11,T117P,MISSENSE
DLBCL-LS1395,TP53,R213*,TRUNC
DLBCL-LS1395,CARD11,D357V,MISSENSE
DLBCL-LS1395,CARD11,T117P,MISSENSE
DLBCL-LS1395,,,
DLBCL-LS146,MYD88,AMP,CNA
DLBCL-LS146,NFKBIE,AMP,CNA
DLBCL-LS146,CYCS,AMP,CNA
DLBCL-LS146,BAD,AMP,CNA
DLBCL-LS146,BCL2,AMP,CNA
DLBCL-LS146,NFKBIB,AMP,CNA
DLBCL-LS146,CCNE1,AMP,CNA
DLBCL-LS146,BAX,AMP,CNA
DLBCL-LS146,MCL1,AMP,CNA
DLBCL-LS146,REL,AMP,CNA
DLBCL-LS146,PARP1,HETLOSS,CNA
DLBCL-LS146,CASP3,HETLOSS,CNA
DLBCL-LS146,PRDM1,HETLOSS,CNA
DLBCL-LS146,TP53,R248Q,MISSENSE
DLBCL-LS146,IRF8,N131D,MISSENSE
DLBCL-LS146,RELB,R113*,TRUNC
DLBCL-LS146,,,
DLBCL-LS148,PARP1,AMP,CNA
DLBCL-LS148,MCL1,AMP,CNA
DLBCL-LS148,BCL2,AMP,CNA
DLBCL-LS148,CD79B,Y197D,MISSENSE
DLBCL-LS148,MYC,S190N,MISSENSE
DLBCL-LS148,MYC,N215S,MISSENSE
DLBCL-LS148,MYC,T373K,MISSENSE
DLBCL-LS148,,,
DLBCL-LS1546,BCL2,AMP,CNA
DLBCL-LS1546,PRDM1,HETLOSS,CNA
DLBCL-LS1546,CDKN1B,HETLOSS,CNA
DLBCL-LS1546,PAX5,X16_splice,SPLICE
DLBCL-LS1546,PAX5,L3*,TRUNC
DLBCL-LS1546,PAX5,P8S,MISSENSE
DLBCL-LS1546,,,
DLBCL-LS155,CARD11,R114T,MISSENSE
DLBCL-LS155,BCL2,F124L,MISSENSE
DLBCL-LS155,NFKBIA,I126M,MISSENSE
DLBCL-LS155,CARD11,R114T,MISSENSE
DLBCL-LS155,BCL2,F124L,MISSENSE
DLBCL-LS155,NFKBIA,I126M,MISSENSE
DLBCL-LS155,BCL2,F124L,MISSENSE
DLBCL-LS155,,,
DLBCL-LS1583,BCL2,AMP,CNA
DLBCL-LS1583,MYD88,L265P,MISSENSE
DLBCL-LS1583,,,
DLBCL-LS1620,BCL2,Q118H,MISSENSE
DLBCL-LS1620,MYC,A59V,MISSENSE
DLBCL-LS1620,BCL2,Q118H,MISSENSE
DLBCL-LS1620,BCL2,Q118H,MISSENSE
DLBCL-LS1620,,,
DLBCL-LS1668,CYCS,AMP,CNA
DLBCL-LS1668,BAD,AMP,CNA
DLBCL-LS1668,BCL2,AMP,CNA
DLBCL-LS1668,REL,AMP,CNA
DLBCL-LS1668,CASP3,HETLOSS,CNA
DLBCL-LS1668,RB1,HETLOSS,CNA
DLBCL-LS1668,BCL6,Y111H,MISSENSE
DLBCL-LS1668,TP53,C176S,MISSENSE
DLBCL-LS1668,BCL2,M157L,MISSENSE
DLBCL-LS1668,BCL2L1,R34K,MISSENSE
DLBCL-LS1668,NFKB2,K112N,MISSENSE
DLBCL-LS1668,BCL2,M157L,MISSENSE
DLBCL-LS1668,NFKB2,K112N,MISSENSE
DLBCL-LS1668,BCL2,M157L,MISSENSE
DLBCL-LS1668,BCL6,Y111H,MISSENSE
DLBCL-LS1668,,,
DLBCL-LS1683,BCL2,AMP,CNA
DLBCL-LS1683,REL,AMP,CNA
DLBCL-LS1683,CASP3,HETLOSS,CNA
DLBCL-LS1683,CARD11,R337Q,MISSENSE
DLBCL-LS1683,CD79B,Y197D,MISSENSE
DLBCL-LS1683,TP53,R282W,MISSENSE
DLBCL-LS1683,CARD11,R337Q,MISSENSE
DLBCL-LS1683,,,
DLBCL-LS1757,MYD88,S243N,MISSENSE
DLBCL-LS1757,BCL6,BCL6-HNRNPC_Fusion,FUSION
DLBCL-LS1757,BCL10,L174*,TRUNC
DLBCL-LS1757,BCL6,BCL6-HNRNPC_Fusion,FUSION
DLBCL-LS1757,,,
DLBCL-LS1899,CCNB1,AMP,CNA
DLBCL-LS1899,CYCS,AMP,CNA
DLBCL-LS1899,NFKBIE,Y254Sfs*13,TRUNC
DLBCL-LS1899,NFKBIE,Y254Sfs*13,TRUNC
DLBCL-LS1899,,,
DLBCL-LS1921,CCNB1,AMP,CNA
DLBCL-LS1921,NFKBIE,AMP,CNA
DLBCL-LS1921,BAD,AMP,CNA
DLBCL-LS1921,MCL1,AMP,CNA
DLBCL-LS1921,REL,AMP,CNA
DLBCL-LS1921,CASP3,HETLOSS,CNA
DLBCL-LS1921,NFKBIE,L423Q,MISSENSE
DLBCL-LS1921,NFKBIE,H409D,MISSENSE
DLBCL-LS1921,NFKBIE,L423Q,MISSENSE
DLBCL-LS1921,NFKBIE,H409D,MISSENSE
DLBCL-LS1921,,,
DLBCL-LS2089,NFKBIE,AMP,CNA
DLBCL-LS2089,BCL2,AMP,CNA
DLBCL-LS2089,NFKBIB,AMP,CNA
DLBCL-LS2089,CCNE1,AMP,CNA
DLBCL-LS2089,BAX,AMP,CNA
DLBCL-LS2089,PARP1,HETLOSS,CNA
DLBCL-LS2089,RB1,HETLOSS,CNA
DLBCL-LS2089,MYD88,L265P,MISSENSE
DLBCL-LS2089,CD79B,T207Nfs*3,TRUNC
DLBCL-LS2089,TP53,F134L,MISSENSE
DLBCL-LS2089,,,
DLBCL-LS2154,,,
DLBCL-LS2208,MYD88,AMP,CNA
DLBCL-LS2208,NFKBIE,AMP,CNA
DLBCL-LS2208,,,
DLBCL-LS2245,MYD88,AMP,CNA
DLBCL-LS2245,NFKBIE,AMP,CNA
DLBCL-LS2245,REL,AMP,CNA
DLBCL-LS2245,CDKN1B,HETLOSS,CNA
DLBCL-LS2245,BCL2,P90S,MISSENSE
DLBCL-LS2245,BCL2,P90S,MISSENSE
DLBCL-LS2245,BCL2,P90S,MISSENSE
DLBCL-LS2245,,,
DLBCL-LS2258,PRDM1,HETLOSS,CNA
DLBCL-LS2258,RB1,HETLOSS,CNA
DLBCL-LS2258,TP53,F109S,MISSENSE
DLBCL-LS2258,,,
DLBCL-LS2264,BCL2,AMP,CNA
DLBCL-LS2264,CD79B,Q204E,MISSENSE
DLBCL-LS2264,,,
DLBCL-LS2305,PARP1,AMP,CNA
DLBCL-LS2305,MCL1,AMP,CNA
DLBCL-LS2305,CCNB1,AMP,CNA
DLBCL-LS2305,CYCS,AMP,CNA
DLBCL-LS2305,REL,AMP,CNA
DLBCL-LS2305,CDKN1B,HETLOSS,CNA
DLBCL-LS2305,RB1,HETLOSS,CNA
DLBCL-LS2305,BCL2,Y180D,MISSENSE
DLBCL-LS2305,BCL2,Y180D,MISSENSE
DLBCL-LS2305,BCL2,Y180D,MISSENSE
DLBCL-LS2305,BAD,P166A,MISSENSE
DLBCL-LS2305,,,
DLBCL-LS2325,PARP1,AMP,CNA
DLBCL-LS2325,MCL1,AMP,CNA
DLBCL-LS2325,NFKBIE,AMP,CNA
DLBCL-LS2325,CYCS,AMP,CNA
DLBCL-LS2325,BCL2,AMP,CNA
DLBCL-LS2325,CASP3,HETLOSS,CNA
DLBCL-LS2325,RB1,HETLOSS,CNA
DLBCL-LS2325,BCL2,S161T,MISSENSE
DLBCL-LS2325,BCL2,S161T,MISSENSE
DLBCL-LS2325,BCL2,S161T,MISSENSE
DLBCL-LS2325,,,
DLBCL-LS2328,CCNB1,AMP,CNA
DLBCL-LS2328,MCL1,AMP,CNA
DLBCL-LS2328,CASP3,HETLOSS,CNA
DLBCL-LS2328,CDKN1B,HETLOSS,CNA
DLBCL-LS2328,RB1,HETLOSS,CNA
DLBCL-LS2328,TP53,C176F,MISSENSE
DLBCL-LS2328,,,
DLBCL-LS2357,CARD11,C49S,MISSENSE
DLBCL-LS2357,CARD11,E432K,MISSENSE
DLBCL-LS2357,CARD11,C49S,MISSENSE
DLBCL-LS2357,CARD11,E432K,MISSENSE
DLBCL-LS2357,,,
DLBCL-LS2367,NFKBIE,AMP,CNA
DLBCL-LS2367,CYCS,AMP,CNA
DLBCL-LS2367,BAD,AMP,CNA
DLBCL-LS2367,BCL2,AMP,CNA
DLBCL-LS2367,CARD11,K182N,MISSENSE
DLBCL-LS2367,CD79B,V9A,MISSENSE
DLBCL-LS2367,BCL6,A587G,MISSENSE
DLBCL-LS2367,CARD11,K182N,MISSENSE
DLBCL-LS2367,BCL6,A587G,MISSENSE
DLBCL-LS2367,,,
DLBCL-LS2590,PARP1,AMP,CNA
DLBCL-LS2590,MCL1,AMP,CNA
DLBCL-LS2590,NFKBIA,W11*,TRUNC
DLBCL-LS2590,NFKB1,N106Kfs*15,TRUNC
DLBCL-LS2590,NFKB1,N106Kfs*15,TRUNC
DLBCL-LS2590,NFKBIA,W11*,TRUNC
DLBCL-LS2590,,,
DLBCL-LS2595,,,
DLBCL-LS2596,NFKBIE,AMP,CNA
DLBCL-LS2596,BCL2,AMP,CNA
DLBCL-LS2596,PRDM1,HETLOSS,CNA
DLBCL-LS2596,CDKN1B,HETLOSS,CNA
DLBCL-LS2596,MYD88,L265P,MISSENSE
DLBCL-LS2596,CD79B,Y197H,MISSENSE
DLBCL-LS2596,BCL6,R585W,MISSENSE
DLBCL-LS2596,BCL6,R585W,MISSENSE
DLBCL-LS2596,,,
DLBCL-LS2599,PARP1,AMP,CNA
DLBCL-LS2599,MCL1,AMP,CNA
DLBCL-LS2599,CCNB1,AMP,CNA
DLBCL-LS2599,CYCS,AMP,CNA
DLBCL-LS2599,PRDM1,HETLOSS,CNA
DLBCL-LS2599,BCL2,G8E,MISSENSE
DLBCL-LS2599,BCL2,Q118H,MISSENSE
DLBCL-LS2599,REL,A234D,MISSENSE
DLBCL-LS2599,REL,N192S,MISSENSE
DLBCL-LS2599,BCL2,G8E,MISSENSE
DLBCL-LS2599,BCL2,Q118H,MISSENSE
DLBCL-LS2599,BCL2,G8E,MISSENSE
DLBCL-LS2599,BCL2,Q118H,MISSENSE
DLBCL-LS2599,,,
DLBCL-LS2848,,,
DLBCL-LS297,NFKBIB,AMP,CNA
DLBCL-LS297,CCNE1,AMP,CNA
DLBCL-LS297,BAX,AMP,CNA
DLBCL-LS297,RB1,HETLOSS,CNA
DLBCL-LS297,BCL6,Q679K,MISSENSE
DLBCL-LS297,BCL6,P341H,MISSENSE
DLBCL-LS297,BCL2,N11Y,MISSENSE
DLBCL-LS297,BCL2,N11Y,MISSENSE
DLBCL-LS297,BCL2,N11Y,MISSENSE
DLBCL-LS297,BCL6,Q679K,MISSENSE
DLBCL-LS297,BCL6,P341H,MISSENSE
DLBCL-LS297,,,
DLBCL-LS2978,CYCS,AMP,CNA
DLBCL-LS2978,BAD,AMP,CNA
DLBCL-LS2978,REL,AMP,CNA
DLBCL-LS2978,MYD88,M232T,MISSENSE
DLBCL-LS2978,BCL6,BCL6-CD74_Fusion,FUSION
DLBCL-LS2978,TP53,R249G,MISSENSE
DLBCL-LS2978,TP53,P152L,MISSENSE
DLBCL-LS2978,BCL6,BCL6-CD74_Fusion,FUSION
DLBCL-LS2978,,,
DLBCL-LS3085,CCNB1,AMP,CNA
DLBCL-LS3085,REL,AMP,CNA
DLBCL-LS3085,,,
DLBCL-LS3200,PARP1,AMP,CNA
DLBCL-LS3200,MCL1,AMP,CNA
DLBCL-LS3200,BAD,AMP,CNA
DLBCL-LS3200,BCL2,AMP,CNA
DLBCL-LS3200,NFKBIB,AMP,CNA
DLBCL-LS3200,CCNE1,AMP,CNA
DLBCL-LS3200,BAX,AMP,CNA
DLBCL-LS3200,CASP3,HETLOSS,CNA
DLBCL-LS3200,PRDM1,HETLOSS,CNA
DLBCL-LS3200,RB1,HETLOSS,CNA
DLBCL-LS3200,,,
DLBCL-LS3204,CCNB1,AMP,CNA
DLBCL-LS3204,CYCS,AMP,CNA
DLBCL-LS3204,BAD,AMP,CNA
DLBCL-LS3204,MCL1,AMP,CNA
DLBCL-LS3204,REL,AMP,CNA
DLBCL-LS3204,CARD11,E626K,MISSENSE
DLBCL-LS3204,CARD11,E626K,MISSENSE
DLBCL-LS3204,,,
DLBCL-LS3219,,,
DLBCL-LS3245,PARP1,AMP,CNA
DLBCL-LS3245,MCL1,AMP,CNA
DLBCL-LS3245,CCNB1,AMP,CNA
DLBCL-LS3245,NFKBIE,AMP,CNA
DLBCL-LS3245,CYCS,AMP,CNA
DLBCL-LS3245,BCL2,AMP,CNA
DLBCL-LS3245,NFKBIB,AMP,CNA
DLBCL-LS3245,CCNE1,AMP,CNA
DLBCL-LS3245,BAX,AMP,CNA
DLBCL-LS3245,REL,AMP,CNA
DLBCL-LS3245,TP53,M133Ifs*17,TRUNC
DLBCL-LS3245,BCL2,Q25L,MISSENSE
DLBCL-LS3245,NFKBIA,Q111*,TRUNC
DLBCL-LS3245,BCL2,Q25L,MISSENSE
DLBCL-LS3245,NFKBIA,Q111*,TRUNC
DLBCL-LS3245,BCL2,Q25L,MISSENSE
DLBCL-LS3245,,,
DLBCL-LS3271,MCL1,AMP,CNA
DLBCL-LS3271,MCL1,V216I,MISSENSE
DLBCL-LS3271,MCL1,M231I,MISSENSE
DLBCL-LS3271,NFKBIA,A133T,MISSENSE
DLBCL-LS3271,MYC,R346T,MISSENSE
DLBCL-LS3271,NFKBIA,A133T,MISSENSE
DLBCL-LS3271,MCL1,V216I,MISSENSE
DLBCL-LS3271,MCL1,M231I,MISSENSE
DLBCL-LS3271,,,
DLBCL-LS3309,PARP1,AMP,CNA
DLBCL-LS3309,MCL1,AMP,CNA
DLBCL-LS3309,NFKBIE,AMP,CNA
DLBCL-LS3309,CYCS,AMP,CNA
DLBCL-LS3309,REL,AMP,CNA
DLBCL-LS3309,CASP3,HETLOSS,CNA
DLBCL-LS3309,CDKN1B,HETLOSS,CNA
DLBCL-LS3309,TP53,E286K,MISSENSE
DLBCL-LS3309,BCL2,P59A,MISSENSE
DLBCL-LS3309,BCL2,N172S,MISSENSE
DLBCL-LS3309,BCL2,G33R,MISSENSE
DLBCL-LS3309,BCL2,L119V,MISSENSE
DLBCL-LS3309,BCL2,F49L,MISSENSE
DLBCL-LS3309,IRF8,P398Rfs*56,TRUNC
DLBCL-LS3309,BCL2,P59A,MISSENSE
DLBCL-LS3309,BCL2,N172S,MISSENSE
DLBCL-LS3309,BCL2,G33R,MISSENSE
DLBCL-LS3309,BCL2,L119V,MISSENSE
DLBCL-LS3309,BCL2,F49L,MISSENSE
DLBCL-LS3309,BCL2,P59A,MISSENSE
DLBCL-LS3309,BCL2,N172S,MISSENSE
DLBCL-LS3309,BCL2,G33R,MISSENSE
DLBCL-LS3309,BCL2,L119V,MISSENSE
DLBCL-LS3309,BCL2,F49L,MISSENSE
DLBCL-LS3309,,,
DLBCL-LS3387,CYCS,AMP,CNA
DLBCL-LS3387,CARD11,D401N,MISSENSE
DLBCL-LS3387,BCL6,S350R,MISSENSE
DLBCL-LS3387,BCL2,A45T,MISSENSE
DLBCL-LS3387,BCL2,D31G,MISSENSE
DLBCL-LS3387,CARD11,D401N,MISSENSE
DLBCL-LS3387,IRF4,C99R,MISSENSE
DLBCL-LS3387,BCL2,A45T,MISSENSE
DLBCL-LS3387,BCL2,D31G,MISSENSE
DLBCL-LS3387,IRF4,C99R,MISSENSE
DLBCL-LS3387,BCL2,A45T,MISSENSE
DLBCL-LS3387,BCL2,D31G,MISSENSE
DLBCL-LS3387,BCL6,S350R,MISSENSE
DLBCL-LS3387,,,
DLBCL-LS3499,PARP1,AMP,CNA
DLBCL-LS3499,MCL1,AMP,CNA
DLBCL-LS3499,CYCS,AMP,CNA
DLBCL-LS3499,BAD,AMP,CNA
DLBCL-LS3499,REL,AMP,CNA
DLBCL-LS3499,CARD11,F115I,MISSENSE
DLBCL-LS3499,CARD11,R114G,MISSENSE
DLBCL-LS3499,CARD11,F115I,MISSENSE
DLBCL-LS3499,CARD11,R114G,MISSENSE
DLBCL-LS3499,,,
DLBCL-LS3615,IRF8,I424N,MISSENSE
DLBCL-LS3615,,,
DLBCL-LS3749,NFKBIE,AMP,CNA
DLBCL-LS3749,CYCS,AMP,CNA
DLBCL-LS3749,NFKBIB,AMP,CNA
DLBCL-LS3749,CCNE1,AMP,CNA
DLBCL-LS3749,BAX,AMP,CNA
DLBCL-LS3749,MCL1,AMP,CNA
DLBCL-LS3749,REL,AMP,CNA
DLBCL-LS3749,CASP3,HETLOSS,CNA
DLBCL-LS3749,,,
DLBCL-LS378,CCNB1,AMP,CNA
DLBCL-LS378,CYCS,AMP,CNA
DLBCL-LS378,RB1,HETLOSS,CNA
DLBCL-LS378,MYD88,S243N,MISSENSE
DLBCL-LS378,BCL6,BCL6-IGLL5_Fusion,FUSION
DLBCL-LS378,RB1,L223P,MISSENSE
DLBCL-LS378,RB1,L223P,MISSENSE
DLBCL-LS378,BCL6,BCL6-IGLL5_Fusion,FUSION
DLBCL-LS378,,,
DLBCL-LS3808,CARD11,F115L,MISSENSE
DLBCL-LS3808,CARD11,F115L,MISSENSE
DLBCL-LS3808,,,
DLBCL-LS3809,CYCS,AMP,CNA
DLBCL-LS3809,BAD,AMP,CNA
DLBCL-LS3809,BCL2,AMP,CNA
DLBCL-LS3809,CD79B,Y208*,TRUNC
DLBCL-LS3809,,,
DLBCL-LS3820,CYCS,AMP,CNA
DLBCL-LS3820,NFKBIB,AMP,CNA
DLBCL-LS3820,CCNE1,AMP,CNA
DLBCL-LS3820,BAX,AMP,CNA
DLBCL-LS3820,REL,AMP,CNA
DLBCL-LS3820,BCL2,H3P,MISSENSE
DLBCL-LS3820,BCL2,A2P,MISSENSE
DLBCL-LS3820,MYC,A59T,MISSENSE
DLBCL-LS3820,BCL2,H3P,MISSENSE
DLBCL-LS3820,BCL2,A2P,MISSENSE
DLBCL-LS3820,BCL2,H3P,MISSENSE
DLBCL-LS3820,BCL2,A2P,MISSENSE
DLBCL-LS3820,,,
DLBCL-LS3866,CDH1,T340M,MISSENSE
DLBCL-LS3866,,,
DLBCL-LS4054,,,
DLBCL-LS4085,PARP1,AMP,CNA
DLBCL-LS4085,MCL1,AMP,CNA
DLBCL-LS4085,MYD88,AMP,CNA
DLBCL-LS4085,BCL2,AMP,CNA
DLBCL-LS4085,,,
DLBCL-LS4222,,,
DLBCL-LS4323,TNFAIP3,I208Sfs*9,TRUNC
DLBCL-LS4323,TP53,M237I,MISSENSE
DLBCL-LS4323,,,
DLBCL-LS4394,PARP1,AMP,CNA
DLBCL-LS4394,MCL1,AMP,CNA
DLBCL-LS4394,CCNB1,AMP,CNA
DLBCL-LS4394,CYCS,AMP,CNA
DLBCL-LS4394,BAD,AMP,CNA
DLBCL-LS4394,REL,AMP,CNA
DLBCL-LS4394,TNFAIP3,R71Kfs*29,TRUNC
DLBCL-LS4394,TP53,R248W,MISSENSE
DLBCL-LS4394,,,
DLBCL-LS4592,MCL1,AMP,CNA
DLBCL-LS4592,REL,AMP,CNA
DLBCL-LS4592,PARP1,HETLOSS,CNA
DLBCL-LS4592,CARD11,G123S,MISSENSE
DLBCL-LS4592,MCL1,S121P,MISSENSE
DLBCL-LS4592,BCL2,G33R,MISSENSE
DLBCL-LS4592,BCL2,L86V,MISSENSE
DLBCL-LS4592,BCL2,N163S,MISSENSE
DLBCL-LS4592,BCL2,H20Q,MISSENSE
DLBCL-LS4592,CARD11,G123S,MISSENSE
DLBCL-LS4592,BCL2,G33R,MISSENSE
DLBCL-LS4592,BCL2,L86V,MISSENSE
DLBCL-LS4592,BCL2,N163S,MISSENSE
DLBCL-LS4592,BCL2,H20Q,MISSENSE
DLBCL-LS4592,BCL2,G33R,MISSENSE
DLBCL-LS4592,BCL2,L86V,MISSENSE
DLBCL-LS4592,BCL2,N163S,MISSENSE
DLBCL-LS4592,BCL2,H20Q,MISSENSE
DLBCL-LS4592,MCL1,S121P,MISSENSE
DLBCL-LS4592,,,
DLBCL-LS4593,BAD,AMP,CNA
DLBCL-LS4593,RB1,HETLOSS,CNA
DLBCL-LS4593,XIAP,G188E,MISSENSE
DLBCL-LS4593,,,
DLBCL-LS4616,MCL1,AMP,CNA
DLBCL-LS4616,CDKN1B,HETLOSS,CNA
DLBCL-LS4616,TP53,Y236C,MISSENSE
DLBCL-LS4616,BCL2,G33R,MISSENSE
DLBCL-LS4616,BCL2,T56S,MISSENSE
DLBCL-LS4616,BCL2,D34H,MISSENSE
DLBCL-LS4616,BCL2,G33R,MISSENSE
DLBCL-LS4616,BCL2,T56S,MISSENSE
DLBCL-LS4616,BCL2,D34H,MISSENSE
DLBCL-LS4616,BCL2,G33R,MISSENSE
DLBCL-LS4616,BCL2,T56S,MISSENSE
DLBCL-LS4616,BCL2,D34H,MISSENSE
DLBCL-LS4616,,,
DLBCL-LS4618,TP53,G244D,MISSENSE
DLBCL-LS4618,BCL2,R129H,MISSENSE
DLBCL-LS4618,BCL2,M16L,MISSENSE
DLBCL-LS4618,IRF8,S55A,MISSENSE
DLBCL-LS4618,MYC,Y47N,MISSENSE
DLBCL-LS4618,MYC,C203F,MISSENSE
DLBCL-LS4618,MYC,T263S,MISSENSE
DLBCL-LS4618,MYC,Y89D,MISSENSE
DLBCL-LS4618,BCL2,R129H,MISSENSE
DLBCL-LS4618,BCL2,M16L,MISSENSE
DLBCL-LS4618,BCL2,R129H,MISSENSE
DLBCL-LS4618,BCL2,M16L,MISSENSE
DLBCL-LS4618,,,
DLBCL-LS4619,REL,AMP,CNA
DLBCL-LS4619,PRDM1,HETLOSS,CNA
DLBCL-LS4619,CARD11,E626K,MISSENSE
DLBCL-LS4619,CARD11,E93D,MISSENSE
DLBCL-LS4619,BCL2,Y180F,MISSENSE
DLBCL-LS4619,BCL2,Y108C,MISSENSE
DLBCL-LS4619,CARD11,E626K,MISSENSE
DLBCL-LS4619,CARD11,E93D,MISSENSE
DLBCL-LS4619,PRDM1,Y60*,TRUNC
DLBCL-LS4619,BCL2,Y180F,MISSENSE
DLBCL-LS4619,BCL2,Y108C,MISSENSE
DLBCL-LS4619,PRDM1,Y60*,TRUNC
DLBCL-LS4619,BCL2,Y180F,MISSENSE
DLBCL-LS4619,BCL2,Y108C,MISSENSE
DLBCL-LS4619,,,
DLBCL-LS762,BCL2,AMP,CNA
DLBCL-LS762,CARD11,E626K,MISSENSE
DLBCL-LS762,CARD11,E626K,MISSENSE
DLBCL-LS762,,,
DLBCL-LS843,REL,AMP,CNA
DLBCL-LS843,BCL2,Y108H,MISSENSE
DLBCL-LS843,BCL2,Y108H,MISSENSE
DLBCL-LS843,BCL2,Y108H,MISSENSE
DLBCL-LS843,,,
DLBCL-LS88,NFKBIB,AMP,CNA
DLBCL-LS88,CCNE1,AMP,CNA
DLBCL-LS88,BAX,AMP,CNA
DLBCL-LS88,PRDM1,HETLOSS,CNA
DLBCL-LS88,CDKN1B,HETLOSS,CNA
DLBCL-LS88,TP53,R282G,MISSENSE
DLBCL-LS88,,,
DLBCL-LS951,CYCS,AMP,CNA
DLBCL-LS951,BAD,AMP,CNA
DLBCL-LS951,REL,AMP,CNA
DLBCL-LS951,CASP3,HETLOSS,CNA
DLBCL-LS951,PRDM1,HETLOSS,CNA
DLBCL-LS951,NFKBIE,S360Ffs*71,TRUNC
DLBCL-LS951,NFKBIE,S360Ffs*71,TRUNC
DLBCL-LS951,,,
DLBCL-MAYO_DLBCL_234,CYCS,AMP,CNA
DLBCL-MAYO_DLBCL_234,REL,AMP,CNA
DLBCL-MAYO_DLBCL_234,CARD11,R207C,MISSENSE
DLBCL-MAYO_DLBCL_234,BCL6,R40H,MISSENSE
DLBCL-MAYO_DLBCL_234,CARD11,R207C,MISSENSE
DLBCL-MAYO_DLBCL_234,PRDM1,A491V,MISSENSE
DLBCL-MAYO_DLBCL_234,PRDM1,A491V,MISSENSE
DLBCL-MAYO_DLBCL_234,RELB,C203R,MISSENSE
DLBCL-MAYO_DLBCL_234,CCNE1,T341M,MISSENSE
DLBCL-MAYO_DLBCL_234,CCNE1,L299F,MISSENSE
DLBCL-MAYO_DLBCL_234,CCNA2,D29G,MISSENSE
DLBCL-MAYO_DLBCL_234,CDH1,T251M,MISSENSE
DLBCL-MAYO_DLBCL_234,E2F1,I167V,MISSENSE
DLBCL-MAYO_DLBCL_234,BCL6,R40H,MISSENSE
DLBCL-MAYO_DLBCL_234,,,
DLBCL-MAYO_DLBCL_3653,BAD,AMP,CNA
DLBCL-MAYO_DLBCL_3653,PRDM1,Y418Lfs*6,TRUNC
DLBCL-MAYO_DLBCL_3653,MYC,L1?,TRUNC
DLBCL-MAYO_DLBCL_3653,PRDM1,Y418Lfs*6,TRUNC
DLBCL-MAYO_DLBCL_3653,,,
DLBCL-MAYO_DLBCL_5613,PARP1,AMP,CNA
DLBCL-MAYO_DLBCL_5613,MCL1,AMP,CNA
DLBCL-MAYO_DLBCL_5613,MYD88,AMP,CNA
DLBCL-MAYO_DLBCL_5613,CCNB1,AMP,CNA
DLBCL-MAYO_DLBCL_5613,BAD,AMP,CNA
DLBCL-MAYO_DLBCL_5613,BCL10,L209*,TRUNC
DLBCL-MAYO_DLBCL_5613,,,
DLBCL-MAYO_DLBCL_7359,MYD88,AMP,CNA
DLBCL-MAYO_DLBCL_7359,CYCS,AMP,CNA
DLBCL-MAYO_DLBCL_7359,BCL2,AMP,CNA
DLBCL-MAYO_DLBCL_7359,REL,AMP,CNA
DLBCL-MAYO_DLBCL_7359,PARP1,HETLOSS,CNA
DLBCL-MAYO_DLBCL_7359,CASP3,HETLOSS,CNA
DLBCL-MAYO_DLBCL_7359,RB1,HETLOSS,CNA
DLBCL-MAYO_DLBCL_7359,TP53,R342*,TRUNC
DLBCL-MAYO_DLBCL_7359,,,
DLBCL-MC_F064AB,CYCS,AMP,CNA
DLBCL-MC_F064AB,CDKN1B,HETLOSS,CNA
DLBCL-MC_F089_HCZ,MCL1,AMP,CNA
DLBCL-MC_F089_HCZ,CASP3,HETLOSS,CNA
DLBCL-MC_F089_HCZ,RB1,HETLOSS,CNA
DLBCL-MC_F089_MLB,MYD88,AMP,CNA
DLBCL-MC_F089_MLB,NFKBIB,AMP,CNA
DLBCL-MC_F089_MLB,CCNE1,AMP,CNA
DLBCL-MC_F089_MLB,BAX,AMP,CNA
DLBCL-MC_F139_AD,PARP1,AMP,CNA
DLBCL-MC_F139_AD,MCL1,AMP,CNA
DLBCL-MC_F139_LJF,PARP1,AMP,CNA
DLBCL-MC_F139_LJF,MCL1,AMP,CNA
DLBCL-MC_F139_LJF,REL,AMP,CNA
DLBCL-MC_F210_GWC,BCL2,AMP,CNA
DLBCL-MC_F210_GWC,MCL1,AMP,CNA
DLBCL-MC_F210_GWC,REL,AMP,CNA
DLBCL-MC_F210_GWC,PARP1,HETLOSS,CNA
DLBCL-MC_F210_GWC,CASP3,HETLOSS,CNA
DLBCL-MC_F210_GWC,PRDM1,HETLOSS,CNA
DLBCL-MC_F262_WLC,NFKBIB,AMP,CNA
DLBCL-MC_F262_WLC,CCNE1,AMP,CNA
DLBCL-MC_F262_WLC,BAX,AMP,CNA
DLBCL-MC_F300_TBF,CCNB1,AMP,CNA
DLBCL-MC_F300_TBF,NFKBIE,AMP,CNA
DLBCL-MC_F300_TBF,PRDM1,HETLOSS,CNA
DLBCL-MC_F339_JPS2,PARP1,AMP,CNA
DLBCL-MC_F339_JPS2,MCL1,AMP,CNA
DLBCL-MC_F339_JPS2,MYD88,AMP,CNA
DLBCL-MC_F339_JPS2,BCL2,AMP,CNA
DLBCL-MC_F339_JPS2,PARP1,HETLOSS,CNA
DLBCL-MC_F339_JPS2,PRDM1,HETLOSS,CNA
DLBCL-MC_F344_CJS,PARP1,AMP,CNA
DLBCL-MC_F344_CJS,MCL1,AMP,CNA
DLBCL-MC_F344_CJS,CYCS,AMP,CNA
DLBCL-MC_F344_CJS,REL,AMP,CNA
DLBCL-MC_F349_BJJ,RB1,HETLOSS,CNA
DLBCL-MC_F358_WDS,CYCS,AMP,CNA
DLBCL-MC_F362_MJB1,MCL1,AMP,CNA
DLBCL-MC_F362_MJB1,RB1,HETLOSS,CNA
DLBCL-MC_F496DMP,PARP1,AMP,CNA
DLBCL-MC_F496DMP,MCL1,AMP,CNA
DLBCL-MC_F500_ECU,PARP1,AMP,CNA
DLBCL-MC_F500_ECU,MCL1,AMP,CNA
DLBCL-MC_F500_ECU,MYD88,AMP,CNA
DLBCL-MC_F500_ECU,NFKBIE,AMP,CNA
DLBCL-MC_F500_ECU,CYCS,AMP,CNA
DLBCL-MC_F502_RFK,PARP1,AMP,CNA
DLBCL-MC_F502_RFK,MCL1,AMP,CNA
DLBCL-MC_F502_RFK,CYCS,AMP,CNA
DLBCL-MC_F502_RFK,BAD,AMP,CNA
DLBCL-MC_F502_RFK,BCL2,AMP,CNA
DLBCL-MC_F502_RFK,NFKBIB,AMP,CNA
DLBCL-MC_F502_RFK,CCNE1,AMP,CNA
DLBCL-MC_F502_RFK,BAX,AMP,CNA
DLBCL-MC_F502_RFK,PRDM1,HETLOSS,CNA
DLBCL-MC_F519_ALT,MYD88,AMP,CNA
DLBCL-MC_F519_ALT,CYCS,AMP,CNA
DLBCL-MC_F519_ALT,BCL2,AMP,CNA
DLBCL-MC_F519_ALT,NFKBIB,AMP,CNA
DLBCL-MC_F519_ALT,CCNE1,AMP,CNA
DLBCL-MC_F519_ALT,BAX,AMP,CNA
DLBCL-MC_F519_ALT,PRDM1,HETLOSS,CNA
DLBCL-MC_F606_DMJ,PARP1,AMP,CNA
DLBCL-MC_F606_DMJ,MCL1,AMP,CNA
DLBCL-MC_F606_DMJ,NFKBIE,AMP,CNA
DLBCL-MC_F606_DMJ,BAD,AMP,CNA
DLBCL-MC_F606_DMJ,PRDM1,HETLOSS,CNA
DLBCL-MC_F648_JKW,CCNB1,AMP,CNA
DLBCL-MC_F648_JKW,PRDM1,HETLOSS,CNA
DLBCL-MC_F729_MAN,MYD88,AMP,CNA
DLBCL-MC_F729_MAN,CCNB1,AMP,CNA
DLBCL-MC_F729_MAN,CYCS,AMP,CNA
DLBCL-MC_F729_MAN,PARP1,HETLOSS,CNA
DLBCL-MC_F739_AMA3,NFKBIE,AMP,CNA
DLBCL-MC_F739_AMA3,BAD,AMP,CNA
DLBCL-MC_F739_AMA3,BCL2,AMP,CNA
DLBCL-MC_F739_AMA3,CASP3,HETLOSS,CNA
DLBCL-MC_F739_AMA3,PRDM1,HETLOSS,CNA
DLBCL-MC_F815_BAT,CYCS,AMP,CNA
DLBCL-MC_F815_BAT,REL,AMP,CNA
DLBCL-MC_F815_BAT,RB1,HETLOSS,CNA
DLBCL-MC_F959_ERM,PARP1,AMP,CNA
DLBCL-MC_F959_ERM,MCL1,AMP,CNA
DLBCL-MC_F959_ERM,CCNB1,AMP,CNA
DLBCL-MC_F959_ERM,NFKBIE,AMP,CNA
DLBCL-MC_F959_ERM,CYCS,AMP,CNA
DLBCL-MC_F959_ERM,BAD,AMP,CNA
DLBCL-MC_F959_ERM,BCL2,AMP,CNA
DLBCL-MC_F959_ERM,REL,AMP,CNA
DLBCL-MC_F959_ERM,CASP3,HETLOSS,CNA
DLBCL-MC_F959_ERM,PRDM1,HETLOSS,CNA
DLBCL-MC_F990_MNA,CCNB1,AMP,CNA
DLBCL-MC_F990_MNA,BAD,AMP,CNA
DLBCL-MC_F990_MNA,REL,AMP,CNA
DLBCL-MC_F990_MNA,PARP1,HETLOSS,CNA
DLBCL-MC_F990_MNA,RB1,HETLOSS,CNA
DLBCL-RICOVER_1013,PARP1,AMP,CNA
DLBCL-RICOVER_1013,MCL1,AMP,CNA
DLBCL-RICOVER_1013,NFKBIE,AMP,CNA
DLBCL-RICOVER_1013,CYCS,AMP,CNA
DLBCL-RICOVER_1013,BCL2,AMP,CNA
DLBCL-RICOVER_1013,REL,AMP,CNA
DLBCL-RICOVER_1013,BCL2,Q73E,MISSENSE
DLBCL-RICOVER_1013,BCL2,Q73E,MISSENSE
DLBCL-RICOVER_1013,BCL2,Q73E,MISSENSE
DLBCL-RICOVER_1013,,,
DLBCL-RICOVER_1018,MYD88,AMP,CNA
DLBCL-RICOVER_1018,BAD,AMP,CNA
DLBCL-RICOVER_1018,MCL1,AMP,CNA
DLBCL-RICOVER_1018,REL,AMP,CNA
DLBCL-RICOVER_1018,PARP1,HETLOSS,CNA
DLBCL-RICOVER_102,NFKBIA,X112_splice,SPLICE
DLBCL-RICOVER_102,NFKBIA,F103V,MISSENSE
DLBCL-RICOVER_102,NFKBIA,X112_splice,SPLICE
DLBCL-RICOVER_102,NFKBIA,F103V,MISSENSE
DLBCL-RICOVER_102,,,
DLBCL-RICOVER_1032,MYD88,AMP,CNA
DLBCL-RICOVER_1032,NFKBIE,AMP,CNA
DLBCL-RICOVER_1032,BAD,AMP,CNA
DLBCL-RICOVER_1032,NFKBIB,AMP,CNA
DLBCL-RICOVER_1032,CCNE1,AMP,CNA
DLBCL-RICOVER_1032,BAX,AMP,CNA
DLBCL-RICOVER_1032,PARP1,HETLOSS,CNA
DLBCL-RICOVER_1032,RB1,HETLOSS,CNA
DLBCL-RICOVER_1032,MYD88,L265P,MISSENSE
DLBCL-RICOVER_1032,CARD11,R247G,MISSENSE
DLBCL-RICOVER_1032,CARD11,Y340C,MISSENSE
DLBCL-RICOVER_1032,TP53,R282W,MISSENSE
DLBCL-RICOVER_1032,CARD11,R247G,MISSENSE
DLBCL-RICOVER_1032,CARD11,Y340C,MISSENSE
DLBCL-RICOVER_1032,NFKB2,C4Y,MISSENSE
DLBCL-RICOVER_1032,NFKB2,C4Y,MISSENSE
DLBCL-RICOVER_1032,,,
DLBCL-RICOVER_1045,PARP1,AMP,CNA
DLBCL-RICOVER_1045,MCL1,AMP,CNA
DLBCL-RICOVER_1045,MYD88,AMP,CNA
DLBCL-RICOVER_1045,CYCS,AMP,CNA
DLBCL-RICOVER_1046,BCL2,AMP,CNA
DLBCL-RICOVER_1046,CASP3,HETLOSS,CNA
DLBCL-RICOVER_1046,RB1,HETLOSS,CNA
DLBCL-RICOVER_105,PARP1,AMP,CNA
DLBCL-RICOVER_105,MCL1,AMP,CNA
DLBCL-RICOVER_105,MYD88,AMP,CNA
DLBCL-RICOVER_105,BCL2,AMP,CNA
DLBCL-RICOVER_105,PARP1,HETLOSS,CNA
DLBCL-RICOVER_1060,CCNB1,AMP,CNA
DLBCL-RICOVER_1060,BCL2,AMP,CNA
DLBCL-RICOVER_1060,NFKBIB,AMP,CNA
DLBCL-RICOVER_1060,CCNE1,AMP,CNA
DLBCL-RICOVER_1060,BAX,AMP,CNA
DLBCL-RICOVER_1060,PRDM1,HETLOSS,CNA
DLBCL-RICOVER_1060,,,
DLBCL-RICOVER_107,MCL1,AMP,CNA
DLBCL-RICOVER_107,REL,AMP,CNA
DLBCL-RICOVER_107,CASP3,HETLOSS,CNA
DLBCL-RICOVER_107,PRDM1,HETLOSS,CNA
DLBCL-RICOVER_107,RB1,HETLOSS,CNA
DLBCL-RICOVER_107,,,
DLBCL-RICOVER_1072,PARP1,AMP,CNA
DLBCL-RICOVER_1072,MCL1,AMP,CNA
DLBCL-RICOVER_1072,CCNB1,AMP,CNA
DLBCL-RICOVER_1072,NFKBIE,AMP,CNA
DLBCL-RICOVER_1072,CYCS,AMP,CNA
DLBCL-RICOVER_1072,BAD,AMP,CNA
DLBCL-RICOVER_1072,REL,AMP,CNA
DLBCL-RICOVER_1072,CASP3,HETLOSS,CNA
DLBCL-RICOVER_1072,PRDM1,HETLOSS,CNA
DLBCL-RICOVER_1072,RB1,HETLOSS,CNA
DLBCL-RICOVER_1081,CDKN1B,HETLOSS,CNA
DLBCL-RICOVER_1081,BCL10,Q208*,TRUNC
DLBCL-RICOVER_1081,MCL1,V216L,MISSENSE
DLBCL-RICOVER_1081,MCL1,V216L,MISSENSE
DLBCL-RICOVER_1081,,,
DLBCL-RICOVER_1106,BCL2,AMP,CNA
DLBCL-RICOVER_1106,NFKBIB,AMP,CNA
DLBCL-RICOVER_1106,CCNE1,AMP,CNA
DLBCL-RICOVER_1106,BAX,AMP,CNA
DLBCL-RICOVER_1106,MYD88,L265P,MISSENSE
DLBCL-RICOVER_1106,CD79B,Y197H,MISSENSE
DLBCL-RICOVER_1106,IRF8,T80A,MISSENSE
DLBCL-RICOVER_1106,,,
DLBCL-RICOVER_111,PARP1,AMP,CNA
DLBCL-RICOVER_111,MCL1,AMP,CNA
DLBCL-RICOVER_111,CCNB1,AMP,CNA
DLBCL-RICOVER_111,BCL2,AMP,CNA
DLBCL-RICOVER_111,REL,AMP,CNA
DLBCL-RICOVER_1138,BAD,AMP,CNA
DLBCL-RICOVER_1150,CCNB1,AMP,CNA
DLBCL-RICOVER_1150,CYCS,AMP,CNA
DLBCL-RICOVER_1150,BCL2,AMP,CNA
DLBCL-RICOVER_1150,PRDM1,T626M,MISSENSE
DLBCL-RICOVER_1150,PRDM1,T626M,MISSENSE
DLBCL-RICOVER_1150,,,
DLBCL-RICOVER_1165,MYD88,AMP,CNA
DLBCL-RICOVER_1165,BAD,AMP,CNA
DLBCL-RICOVER_1169,PARP1,AMP,CNA
DLBCL-RICOVER_1169,MCL1,AMP,CNA
DLBCL-RICOVER_1169,REL,AMP,CNA
DLBCL-RICOVER_1169,,,
DLBCL-RICOVER_1190,MYD88,AMP,CNA
DLBCL-RICOVER_1190,BCL2,AMP,CNA
DLBCL-RICOVER_1190,,,
DLBCL-RICOVER_1192,BCL2,AMP,CNA
DLBCL-RICOVER_1192,MCL1,AMP,CNA
DLBCL-RICOVER_1192,CDKN1B,HETLOSS,CNA
DLBCL-RICOVER_1199,CYCS,AMP,CNA
DLBCL-RICOVER_1199,BCL2,G33A,MISSENSE
DLBCL-RICOVER_1199,BCL2,H120Y,MISSENSE
DLBCL-RICOVER_1199,IRF8,P398Rfs*56,TRUNC
DLBCL-RICOVER_1199,MYC,MYC-ACTB_Fusion,FUSION
DLBCL-RICOVER_1199,BCL2,G33A,MISSENSE
DLBCL-RICOVER_1199,BCL2,H120Y,MISSENSE
DLBCL-RICOVER_1199,BCL2,G33A,MISSENSE
DLBCL-RICOVER_1199,BCL2,H120Y,MISSENSE
DLBCL-RICOVER_1199,,,
DLBCL-RICOVER_120,PARP1,AMP,CNA
DLBCL-RICOVER_120,MCL1,AMP,CNA
DLBCL-RICOVER_120,MYD88,AMP,CNA
DLBCL-RICOVER_120,CYCS,AMP,CNA
DLBCL-RICOVER_120,BAD,AMP,CNA
DLBCL-RICOVER_120,CASP3,HETLOSS,CNA
DLBCL-RICOVER_120,PRDM1,HETLOSS,CNA
DLBCL-RICOVER_1204,PARP1,AMP,CNA
DLBCL-RICOVER_1204,MCL1,AMP,CNA
DLBCL-RICOVER_1204,NFKBIE,AMP,CNA
DLBCL-RICOVER_1204,CYCS,AMP,CNA
DLBCL-RICOVER_1204,BCL2,AMP,CNA
DLBCL-RICOVER_1210,PRDM1,HETLOSS,CNA
DLBCL-RICOVER_1210,CDKN1B,HETLOSS,CNA
DLBCL-RICOVER_1219,BCL2,AMP,CNA
DLBCL-RICOVER_1219,MYD88,L265P,MISSENSE
DLBCL-RICOVER_1219,,,
DLBCL-RICOVER_1235,CYCS,AMP,CNA
DLBCL-RICOVER_1235,BAD,AMP,CNA
DLBCL-RICOVER_1235,BCL2,AMP,CNA
DLBCL-RICOVER_1235,MCL1,AMP,CNA
DLBCL-RICOVER_1235,REL,AMP,CNA
DLBCL-RICOVER_1235,CDKN1B,HETLOSS,CNA
DLBCL-RICOVER_1235,TP53,R213*,TRUNC
DLBCL-RICOVER_1235,BCL2,G47V,MISSENSE
DLBCL-RICOVER_1235,BCL2,A2S,MISSENSE
DLBCL-RICOVER_1235,BCL2,G47V,MISSENSE
DLBCL-RICOVER_1235,BCL2,A2S,MISSENSE
DLBCL-RICOVER_1235,BCL2,G47V,MISSENSE
DLBCL-RICOVER_1235,BCL2,A2S,MISSENSE
DLBCL-RICOVER_1235,,,
DLBCL-RICOVER_1237,BCL2,AMP,CNA
DLBCL-RICOVER_1237,CASP3,HETLOSS,CNA
DLBCL-RICOVER_1237,PRDM1,HETLOSS,CNA
DLBCL-RICOVER_1237,MYD88,S243N,MISSENSE
DLBCL-RICOVER_1237,BCL6,Y91N,MISSENSE
DLBCL-RICOVER_1237,CDC20,G284V,MISSENSE
DLBCL-RICOVER_1237,BCL6,Y91N,MISSENSE
DLBCL-RICOVER_1237,PAX5,S133N,MISSENSE
DLBCL-RICOVER_1237,,,
DLBCL-RICOVER_1248,MYD88,AMP,CNA
DLBCL-RICOVER_1248,BAD,AMP,CNA
DLBCL-RICOVER_1248,BCL2,AMP,CNA
DLBCL-RICOVER_1248,PARP1,HETLOSS,CNA
DLBCL-RICOVER_1257,BCL2,AMP,CNA
DLBCL-RICOVER_1257,PRDM1,HETLOSS,CNA
DLBCL-RICOVER_126,CYCS,AMP,CNA
DLBCL-RICOVER_126,BAD,AMP,CNA
DLBCL-RICOVER_126,NFKBIB,AMP,CNA
DLBCL-RICOVER_126,CCNE1,AMP,CNA
DLBCL-RICOVER_126,BAX,AMP,CNA
DLBCL-RICOVER_126,REL,AMP,CNA
DLBCL-RICOVER_126,CASP3,HETLOSS,CNA
DLBCL-RICOVER_126,CDKN1B,HETLOSS,CNA
DLBCL-RICOVER_126,BCL6,D29A,MISSENSE
DLBCL-RICOVER_126,TP53,E285K,MISSENSE
DLBCL-RICOVER_126,BCL2,A113D,MISSENSE
DLBCL-RICOVER_126,BCL2,A113D,MISSENSE
DLBCL-RICOVER_126,BCL2,A113D,MISSENSE
DLBCL-RICOVER_126,BCL6,D29A,MISSENSE
DLBCL-RICOVER_126,,,
DLBCL-RICOVER_1263,BCL2,AMP,CNA
DLBCL-RICOVER_1263,REL,AMP,CNA
DLBCL-RICOVER_1263,PARP1,HETLOSS,CNA
DLBCL-RICOVER_1263,CASP3,HETLOSS,CNA
DLBCL-RICOVER_1263,CARD11,D357V,MISSENSE
DLBCL-RICOVER_1263,BCL6,A587G,MISSENSE
DLBCL-RICOVER_1263,BCL2,R6G,MISSENSE
DLBCL-RICOVER_1263,BCL2,E29A,MISSENSE
DLBCL-RICOVER_1263,CARD11,D357V,MISSENSE
DLBCL-RICOVER_1263,BCL2,R6G,MISSENSE
DLBCL-RICOVER_1263,BCL2,E29A,MISSENSE
DLBCL-RICOVER_1263,PARP1,A884V,MISSENSE
DLBCL-RICOVER_1263,BCL2,R6G,MISSENSE
DLBCL-RICOVER_1263,BCL2,E29A,MISSENSE
DLBCL-RICOVER_1263,BCL6,A587G,MISSENSE
DLBCL-RICOVER_1263,,,
DLBCL-RICOVER_1269,MYD88,AMP,CNA
DLBCL-RICOVER_1269,CYCS,AMP,CNA
DLBCL-RICOVER_1269,CDKN1B,HETLOSS,CNA
DLBCL-RICOVER_1269,BCL2,G47D,MISSENSE
DLBCL-RICOVER_1269,BCL2,G47D,MISSENSE
DLBCL-RICOVER_1269,BCL2,G47D,MISSENSE
DLBCL-RICOVER_1269,,,
DLBCL-RICOVER_1278,BCL2,AMP,CNA
DLBCL-RICOVER_1283,MCL1,AMP,CNA
DLBCL-RICOVER_1287,BCL2,AMP,CNA
DLBCL-RICOVER_1289,CYCS,AMP,CNA
DLBCL-RICOVER_1293,BCL2,AMP,CNA
DLBCL-RICOVER_1293,PRDM1,HETLOSS,CNA
DLBCL-RICOVER_1293,CDKN1B,HETLOSS,CNA
DLBCL-RICOVER_1299,PARP1,AMP,CNA
DLBCL-RICOVER_1299,MCL1,AMP,CNA
DLBCL-RICOVER_1299,BAD,AMP,CNA
DLBCL-RICOVER_1299,BCL2,AMP,CNA
DLBCL-RICOVER_1299,NFKBIB,AMP,CNA
DLBCL-RICOVER_1299,CCNE1,AMP,CNA
DLBCL-RICOVER_1299,BAX,AMP,CNA
DLBCL-RICOVER_1329,MYD88,AMP,CNA
DLBCL-RICOVER_1329,CYCS,AMP,CNA
DLBCL-RICOVER_1329,BCL2,AMP,CNA
DLBCL-RICOVER_1329,PARP1,HETLOSS,CNA
DLBCL-RICOVER_134,MYD88,AMP,CNA
DLBCL-RICOVER_134,CYCS,AMP,CNA
DLBCL-RICOVER_134,BCL2,AMP,CNA
DLBCL-RICOVER_134,NFKBIB,AMP,CNA
DLBCL-RICOVER_134,CCNE1,AMP,CNA
DLBCL-RICOVER_134,BAX,AMP,CNA
DLBCL-RICOVER_134,MYD88,L265P,MISSENSE
DLBCL-RICOVER_134,BCL6,R585W,MISSENSE
DLBCL-RICOVER_134,CDKN1B,X159_splice,SPLICE
DLBCL-RICOVER_134,BCL6,R585W,MISSENSE
DLBCL-RICOVER_134,,,
DLBCL-RICOVER_148,BAD,AMP,CNA
DLBCL-RICOVER_148,,,
DLBCL-RICOVER_150,BCL2,AMP,CNA
DLBCL-RICOVER_150,PARP1,HETLOSS,CNA
DLBCL-RICOVER_150,CDKN1B,HETLOSS,CNA
DLBCL-RICOVER_151,PARP1,AMP,CNA
DLBCL-RICOVER_151,MCL1,AMP,CNA
DLBCL-RICOVER_151,CYCS,AMP,CNA
DLBCL-RICOVER_151,BAD,AMP,CNA
DLBCL-RICOVER_151,NFKBIB,AMP,CNA
DLBCL-RICOVER_151,CCNE1,AMP,CNA
DLBCL-RICOVER_151,BAX,AMP,CNA
DLBCL-RICOVER_151,REL,AMP,CNA
DLBCL-RICOVER_151,CASP3,HETLOSS,CNA
DLBCL-RICOVER_151,TP53,R175H,MISSENSE
DLBCL-RICOVER_151,CDC20,E413G,MISSENSE
DLBCL-RICOVER_151,,,
DLBCL-RICOVER_173,MYD88,L265P,MISSENSE
DLBCL-RICOVER_173,PRDM1,X97_splice,SPLICE
DLBCL-RICOVER_173,PRDM1,X97_splice,SPLICE
DLBCL-RICOVER_173,,,
DLBCL-RICOVER_174,CYCS,AMP,CNA
DLBCL-RICOVER_174,MCL1,AMP,CNA
DLBCL-RICOVER_174,CASP3,HETLOSS,CNA
DLBCL-RICOVER_174,TP53,Q192*,TRUNC
DLBCL-RICOVER_174,,,
DLBCL-RICOVER_181,PARP1,AMP,CNA
DLBCL-RICOVER_181,MCL1,AMP,CNA
DLBCL-RICOVER_181,CCNB1,AMP,CNA
DLBCL-RICOVER_181,CYCS,AMP,CNA
DLBCL-RICOVER_181,BAD,AMP,CNA
DLBCL-RICOVER_181,BCL2,AMP,CNA
DLBCL-RICOVER_181,CD79B,G190A,MISSENSE
DLBCL-RICOVER_181,BCL10,F38L,MISSENSE
DLBCL-RICOVER_181,BCL10,Y154N,MISSENSE
DLBCL-RICOVER_181,,,
DLBCL-RICOVER_197,IRF8,S55A,MISSENSE
DLBCL-RICOVER_197,,,
DLBCL-RICOVER_208,CDKN1B,HETLOSS,CNA
DLBCL-RICOVER_208,RB1,HETLOSS,CNA
DLBCL-RICOVER_215,,,
DLBCL-RICOVER_216,BCL2,AMP,CNA
DLBCL-RICOVER_221,PARP1,AMP,CNA
DLBCL-RICOVER_221,MCL1,AMP,CNA
DLBCL-RICOVER_221,MYD88,AMP,CNA
DLBCL-RICOVER_221,NFKBIE,AMP,CNA
DLBCL-RICOVER_221,BCL2,AMP,CNA
DLBCL-RICOVER_221,PARP1,HETLOSS,CNA
DLBCL-RICOVER_221,PRDM1,HETLOSS,CNA
DLBCL-RICOVER_221,RB1,HETLOSS,CNA
DLBCL-RICOVER_224,MYD88,AMP,CNA
DLBCL-RICOVER_224,NFKBIE,AMP,CNA
DLBCL-RICOVER_224,CYCS,AMP,CNA
DLBCL-RICOVER_224,CD79B,Y197S,MISSENSE
DLBCL-RICOVER_224,PRDM1,P84L,MISSENSE
DLBCL-RICOVER_224,PRDM1,P84L,MISSENSE
DLBCL-RICOVER_224,,,
DLBCL-RICOVER_253,CYCS,AMP,CNA
DLBCL-RICOVER_253,MCL1,AMP,CNA
DLBCL-RICOVER_253,REL,AMP,CNA
DLBCL-RICOVER_253,CASP3,HETLOSS,CNA
DLBCL-RICOVER_253,TP53,R175H,MISSENSE
DLBCL-RICOVER_253,,,
DLBCL-RICOVER_266,PARP1,AMP,CNA
DLBCL-RICOVER_266,MCL1,AMP,CNA
DLBCL-RICOVER_266,NFKBIB,AMP,CNA
DLBCL-RICOVER_266,CCNE1,AMP,CNA
DLBCL-RICOVER_266,BAX,AMP,CNA
DLBCL-RICOVER_266,REL,AMP,CNA
DLBCL-RICOVER_266,CASP3,HETLOSS,CNA
DLBCL-RICOVER_266,,,
DLBCL-RICOVER_267,CD79B,Y197C,MISSENSE
DLBCL-RICOVER_267,CDKN2A,Q99*,TRUNC
DLBCL-RICOVER_267,BCL2,Q73L,MISSENSE
DLBCL-RICOVER_267,IRF8,G388Afs*3,TRUNC
DLBCL-RICOVER_267,MYC,S107N,MISSENSE
DLBCL-RICOVER_267,MYC,Y37F,MISSENSE
DLBCL-RICOVER_267,MYC,P261S,MISSENSE
DLBCL-RICOVER_267,BCL2,Q73L,MISSENSE
DLBCL-RICOVER_267,BCL2,Q73L,MISSENSE
DLBCL-RICOVER_267,,,
DLBCL-RICOVER_269,CCNB1,AMP,CNA
DLBCL-RICOVER_269,NFKBIE,AMP,CNA
DLBCL-RICOVER_269,CYCS,AMP,CNA
DLBCL-RICOVER_269,BAD,AMP,CNA
DLBCL-RICOVER_269,BCL2,AMP,CNA
DLBCL-RICOVER_269,CDKN1B,HETLOSS,CNA
DLBCL-RICOVER_269,BCL2,A131V,MISSENSE
DLBCL-RICOVER_269,BCL2,T7S,MISSENSE
DLBCL-RICOVER_269,BCL2,F124I,MISSENSE
DLBCL-RICOVER_269,BCL2,A43V,MISSENSE
DLBCL-RICOVER_269,BCL2,A131V,MISSENSE
DLBCL-RICOVER_269,BCL2,T7S,MISSENSE
DLBCL-RICOVER_269,BCL2,F124I,MISSENSE
DLBCL-RICOVER_269,BCL2,A43V,MISSENSE
DLBCL-RICOVER_269,BCL2,A131V,MISSENSE
DLBCL-RICOVER_269,BCL2,T7S,MISSENSE
DLBCL-RICOVER_269,BCL2,F124I,MISSENSE
DLBCL-RICOVER_269,BCL2,A43V,MISSENSE
DLBCL-RICOVER_269,,,
DLBCL-RICOVER_274,CYCS,AMP,CNA
DLBCL-RICOVER_274,CDKN1B,HETLOSS,CNA
DLBCL-RICOVER_274,MYD88,L265P,MISSENSE
DLBCL-RICOVER_274,CARD11,L341M,MISSENSE
DLBCL-RICOVER_274,TP53,M246K,MISSENSE
DLBCL-RICOVER_274,CARD11,L341M,MISSENSE
DLBCL-RICOVER_274,,,
DLBCL-RICOVER_288,CCNB1,AMP,CNA
DLBCL-RICOVER_288,NFKBIE,AMP,CNA
DLBCL-RICOVER_288,BAD,AMP,CNA
DLBCL-RICOVER_288,REL,AMP,CNA
DLBCL-RICOVER_288,CASP3,HETLOSS,CNA
DLBCL-RICOVER_288,PRDM1,HETLOSS,CNA
DLBCL-RICOVER_288,BCL6,R650*,TRUNC
DLBCL-RICOVER_288,TP53,R282W,MISSENSE
DLBCL-RICOVER_288,BCL6,R650*,TRUNC
DLBCL-RICOVER_288,,,
DLBCL-RICOVER_290,NFKBIB,AMP,CNA
DLBCL-RICOVER_290,CCNE1,AMP,CNA
DLBCL-RICOVER_290,BAX,AMP,CNA
DLBCL-RICOVER_290,REL,AMP,CNA
DLBCL-RICOVER_290,PRDM1,HETLOSS,CNA
DLBCL-RICOVER_299,CCNB1,AMP,CNA
DLBCL-RICOVER_299,NFKBIE,AMP,CNA
DLBCL-RICOVER_299,CYCS,AMP,CNA
DLBCL-RICOVER_299,BCL2,AMP,CNA
DLBCL-RICOVER_299,MCL1,AMP,CNA
DLBCL-RICOVER_299,REL,AMP,CNA
DLBCL-RICOVER_299,PRDM1,HETLOSS,CNA
DLBCL-RICOVER_299,BCL2,P59A,MISSENSE
DLBCL-RICOVER_299,BCL2,L86F,MISSENSE
DLBCL-RICOVER_299,BCL2,M16V,MISSENSE
DLBCL-RICOVER_299,BCL2,P59A,MISSENSE
DLBCL-RICOVER_299,BCL2,L86F,MISSENSE
DLBCL-RICOVER_299,BCL2,M16V,MISSENSE
DLBCL-RICOVER_299,BCL2,P59A,MISSENSE
DLBCL-RICOVER_299,BCL2,L86F,MISSENSE
DLBCL-RICOVER_299,BCL2,M16V,MISSENSE
DLBCL-RICOVER_299,,,
DLBCL-RICOVER_314,MYD88,AMP,CNA
DLBCL-RICOVER_314,NFKBIE,AMP,CNA
DLBCL-RICOVER_314,CYCS,AMP,CNA
DLBCL-RICOVER_314,BAD,AMP,CNA
DLBCL-RICOVER_314,BCL2,AMP,CNA
DLBCL-RICOVER_314,PRDM1,HETLOSS,CNA
DLBCL-RICOVER_314,CARD11,G123S,MISSENSE
DLBCL-RICOVER_314,TP53,I232F,MISSENSE
DLBCL-RICOVER_314,CARD11,G123S,MISSENSE
DLBCL-RICOVER_314,,,
DLBCL-RICOVER_320,,,
DLBCL-RICOVER_325,CCNB1,AMP,CNA
DLBCL-RICOVER_325,REL,AMP,CNA
DLBCL-RICOVER_325,TP53,R248Q,MISSENSE
DLBCL-RICOVER_325,,,
DLBCL-RICOVER_335,PARP1,AMP,CNA
DLBCL-RICOVER_335,MCL1,AMP,CNA
DLBCL-RICOVER_335,NFKBIE,AMP,CNA
DLBCL-RICOVER_335,CYCS,AMP,CNA
DLBCL-RICOVER_335,BAD,AMP,CNA
DLBCL-RICOVER_335,REL,AMP,CNA
DLBCL-RICOVER_335,CDKN1B,HETLOSS,CNA
DLBCL-RICOVER_335,RB1,HETLOSS,CNA
DLBCL-RICOVER_336,CCNB1,AMP,CNA
DLBCL-RICOVER_336,REL,AMP,CNA
DLBCL-RICOVER_336,CASP3,HETLOSS,CNA
DLBCL-RICOVER_336,PRDM1,HETLOSS,CNA
DLBCL-RICOVER_336,NFKBIE,L374F,MISSENSE
DLBCL-RICOVER_336,NFKB2,L249Ffs*49,TRUNC
DLBCL-RICOVER_336,NFKBIE,L374F,MISSENSE
DLBCL-RICOVER_336,NFKB2,L249Ffs*49,TRUNC
DLBCL-RICOVER_336,,,
DLBCL-RICOVER_338,PARP1,AMP,CNA
DLBCL-RICOVER_338,MCL1,AMP,CNA
DLBCL-RICOVER_338,CYCS,AMP,CNA
DLBCL-RICOVER_338,,,
DLBCL-RICOVER_342,CYCS,AMP,CNA
DLBCL-RICOVER_361,PAX5,X16_splice,SPLICE
DLBCL-RICOVER_361,PAX5,G16R,MISSENSE
DLBCL-RICOVER_361,,,
DLBCL-RICOVER_384,CYCS,AMP,CNA
DLBCL-RICOVER_384,BAD,AMP,CNA
DLBCL-RICOVER_384,REL,AMP,CNA
DLBCL-RICOVER_384,CASP3,HETLOSS,CNA
DLBCL-RICOVER_384,PRDM1,HETLOSS,CNA
DLBCL-RICOVER_384,RB1,HETLOSS,CNA
DLBCL-RICOVER_384,BCL2,H120Y,MISSENSE
DLBCL-RICOVER_384,BCL2,Q118R,MISSENSE
DLBCL-RICOVER_384,BCL2,H120Y,MISSENSE
DLBCL-RICOVER_384,BCL2,Q118R,MISSENSE
DLBCL-RICOVER_384,BCL2,H120Y,MISSENSE
DLBCL-RICOVER_384,BCL2,Q118R,MISSENSE
DLBCL-RICOVER_384,,,
DLBCL-RICOVER_401,PARP1,AMP,CNA
DLBCL-RICOVER_401,MCL1,AMP,CNA
DLBCL-RICOVER_401,CCNB1,AMP,CNA
DLBCL-RICOVER_401,NFKBIE,AMP,CNA
DLBCL-RICOVER_401,CYCS,AMP,CNA
DLBCL-RICOVER_401,BAD,AMP,CNA
DLBCL-RICOVER_401,CASP3,HETLOSS,CNA
DLBCL-RICOVER_401,CDKN1B,HETLOSS,CNA
DLBCL-RICOVER_401,TNFAIP3,L403Afs*5,TRUNC
DLBCL-RICOVER_401,TP53,E326*,TRUNC
DLBCL-RICOVER_401,BCL2,N163K,MISSENSE
DLBCL-RICOVER_401,BCL2,N163K,MISSENSE
DLBCL-RICOVER_401,BCL2,N163K,MISSENSE
DLBCL-RICOVER_401,,,
DLBCL-RICOVER_408,PARP1,AMP,CNA
DLBCL-RICOVER_408,MCL1,AMP,CNA
DLBCL-RICOVER_408,MYD88,AMP,CNA
DLBCL-RICOVER_408,REL,AMP,CNA
DLBCL-RICOVER_417,BAD,AMP,CNA
DLBCL-RICOVER_417,BCL2,AMP,CNA
DLBCL-RICOVER_417,NFKBIB,AMP,CNA
DLBCL-RICOVER_417,CCNE1,AMP,CNA
DLBCL-RICOVER_417,BAX,AMP,CNA
DLBCL-RICOVER_417,PRDM1,HETLOSS,CNA
DLBCL-RICOVER_417,CDKN1B,HETLOSS,CNA
DLBCL-RICOVER_417,MYD88,L265P,MISSENSE
DLBCL-RICOVER_417,CD79B,E198G,MISSENSE
DLBCL-RICOVER_417,PRDM1,E97=,SPLICE
DLBCL-RICOVER_417,PRDM1,E97=,SPLICE
DLBCL-RICOVER_417,,,
DLBCL-RICOVER_431,MYD88,AMP,CNA
DLBCL-RICOVER_431,NFKBIB,AMP,CNA
DLBCL-RICOVER_431,CCNE1,AMP,CNA
DLBCL-RICOVER_431,BAX,AMP,CNA
DLBCL-RICOVER_440,CYCS,AMP,CNA
DLBCL-RICOVER_440,MCL1,AMP,CNA
DLBCL-RICOVER_440,REL,AMP,CNA
DLBCL-RICOVER_449,BCL2,AMP,CNA
DLBCL-RICOVER_449,NFKBIB,AMP,CNA
DLBCL-RICOVER_449,CCNE1,AMP,CNA
DLBCL-RICOVER_449,BAX,AMP,CNA
DLBCL-RICOVER_449,MYD88,L265P,MISSENSE
DLBCL-RICOVER_449,CD79B,Y197F,MISSENSE
DLBCL-RICOVER_449,,,
DLBCL-RICOVER_451,NFKBIE,AMP,CNA
DLBCL-RICOVER_451,BAD,AMP,CNA
DLBCL-RICOVER_463,CCNB1,AMP,CNA
DLBCL-RICOVER_463,REL,AMP,CNA
DLBCL-RICOVER_467,MYD88,AMP,CNA
DLBCL-RICOVER_467,NFKBIE,AMP,CNA
DLBCL-RICOVER_467,CYCS,AMP,CNA
DLBCL-RICOVER_467,BCL2,AMP,CNA
DLBCL-RICOVER_467,NFKBIB,AMP,CNA
DLBCL-RICOVER_467,CCNE1,AMP,CNA
DLBCL-RICOVER_467,BAX,AMP,CNA
DLBCL-RICOVER_467,PRDM1,HETLOSS,CNA
DLBCL-RICOVER_467,TP53,C242S,MISSENSE
DLBCL-RICOVER_467,CDKN2A,R58*,TRUNC
DLBCL-RICOVER_467,PRDM1,Q171*,TRUNC
DLBCL-RICOVER_467,PRDM1,Q171*,TRUNC
DLBCL-RICOVER_467,,,
DLBCL-RICOVER_473,PARP1,AMP,CNA
DLBCL-RICOVER_473,MCL1,AMP,CNA
DLBCL-RICOVER_473,MYD88,AMP,CNA
DLBCL-RICOVER_473,CCNB1,AMP,CNA
DLBCL-RICOVER_473,BCL10,Q208*,TRUNC
DLBCL-RICOVER_473,TNFAIP3,E633*,TRUNC
DLBCL-RICOVER_473,PRDM1,C633Y,MISSENSE
DLBCL-RICOVER_473,PRDM1,C633Y,MISSENSE
DLBCL-RICOVER_473,,,
DLBCL-RICOVER_478,MYD88,AMP,CNA
DLBCL-RICOVER_478,NFKBIE,AMP,CNA
DLBCL-RICOVER_478,BCL2,AMP,CNA
DLBCL-RICOVER_496,PARP1,AMP,CNA
DLBCL-RICOVER_496,MCL1,AMP,CNA
DLBCL-RICOVER_496,CASP3,HETLOSS,CNA
DLBCL-RICOVER_496,MYC,E54D,MISSENSE
DLBCL-RICOVER_496,MYC,S184C,MISSENSE
DLBCL-RICOVER_496,MYC,N142D,MISSENSE
DLBCL-RICOVER_496,MYC,Y167C,MISSENSE
DLBCL-RICOVER_496,MYC,S21R,MISSENSE
DLBCL-RICOVER_496,,,
DLBCL-RICOVER_506,PARP1,AMP,CNA
DLBCL-RICOVER_506,MCL1,AMP,CNA
DLBCL-RICOVER_506,MYD88,AMP,CNA
DLBCL-RICOVER_506,NFKBIE,AMP,CNA
DLBCL-RICOVER_506,CYCS,AMP,CNA
DLBCL-RICOVER_506,BCL2,AMP,CNA
DLBCL-RICOVER_506,REL,AMP,CNA
DLBCL-RICOVER_506,CD79B,Y197_E198del,INFRAME
DLBCL-RICOVER_506,,,
DLBCL-RICOVER_522,CYCS,AMP,CNA
DLBCL-RICOVER_522,NFKBIB,AMP,CNA
DLBCL-RICOVER_522,CCNE1,AMP,CNA
DLBCL-RICOVER_522,BAX,AMP,CNA
DLBCL-RICOVER_522,BCL2,G47V,MISSENSE
DLBCL-RICOVER_522,BCL2,A76S,MISSENSE
DLBCL-RICOVER_522,NFKBIA,C239*,TRUNC
DLBCL-RICOVER_522,NFKBIA,V233G,MISSENSE
DLBCL-RICOVER_522,NFKBIA,N105T,MISSENSE
DLBCL-RICOVER_522,NFKBIA,H79P,MISSENSE
DLBCL-RICOVER_522,BCL2,G47V,MISSENSE
DLBCL-RICOVER_522,BCL2,A76S,MISSENSE
DLBCL-RICOVER_522,NFKBIA,C239*,TRUNC
DLBCL-RICOVER_522,NFKBIA,V233G,MISSENSE
DLBCL-RICOVER_522,NFKBIA,N105T,MISSENSE
DLBCL-RICOVER_522,NFKBIA,H79P,MISSENSE
DLBCL-RICOVER_522,BCL2,G47V,MISSENSE
DLBCL-RICOVER_522,BCL2,A76S,MISSENSE
DLBCL-RICOVER_522,,,
DLBCL-RICOVER_533,PARP1,AMP,CNA
DLBCL-RICOVER_533,MCL1,AMP,CNA
DLBCL-RICOVER_533,BAD,AMP,CNA
DLBCL-RICOVER_533,BCL2,AMP,CNA
DLBCL-RICOVER_533,REL,AMP,CNA
DLBCL-RICOVER_533,CASP3,HETLOSS,CNA
DLBCL-RICOVER_533,CDKN1B,HETLOSS,CNA
DLBCL-RICOVER_533,RB1,HETLOSS,CNA
DLBCL-RICOVER_533,,,
DLBCL-RICOVER_543,MYD88,AMP,CNA
DLBCL-RICOVER_543,BCL2,AMP,CNA
DLBCL-RICOVER_543,,,
DLBCL-RICOVER_554,MCL1,AMP,CNA
DLBCL-RICOVER_575,BAD,AMP,CNA
DLBCL-RICOVER_575,NFKBIB,AMP,CNA
DLBCL-RICOVER_575,CCNE1,AMP,CNA
DLBCL-RICOVER_575,BAX,AMP,CNA
DLBCL-RICOVER_577,BCL2,AMP,CNA
DLBCL-RICOVER_577,RB1,HETLOSS,CNA
DLBCL-RICOVER_583,PARP1,AMP,CNA
DLBCL-RICOVER_583,MCL1,AMP,CNA
DLBCL-RICOVER_583,MYD88,AMP,CNA
DLBCL-RICOVER_583,NFKBIE,AMP,CNA
DLBCL-RICOVER_583,CYCS,AMP,CNA
DLBCL-RICOVER_583,BCL2,AMP,CNA
DLBCL-RICOVER_583,PRDM1,HETLOSS,CNA
DLBCL-RICOVER_585,BCL2,AMP,CNA
DLBCL-RICOVER_585,NFKBIB,AMP,CNA
DLBCL-RICOVER_585,CCNE1,AMP,CNA
DLBCL-RICOVER_585,BAX,AMP,CNA
DLBCL-RICOVER_585,CDKN1B,HETLOSS,CNA
DLBCL-RICOVER_597,CYCS,AMP,CNA
DLBCL-RICOVER_597,BAD,AMP,CNA
DLBCL-RICOVER_597,BCL2,AMP,CNA
DLBCL-RICOVER_597,MYD88,L265P,MISSENSE
DLBCL-RICOVER_597,CARD11,G123D,MISSENSE
DLBCL-RICOVER_597,CD79B,Y197H,MISSENSE
DLBCL-RICOVER_597,CARD11,G123D,MISSENSE
DLBCL-RICOVER_597,,,
DLBCL-RICOVER_617,BAD,AMP,CNA
DLBCL-RICOVER_617,REL,AMP,CNA
DLBCL-RICOVER_623,MYD88,AMP,CNA
DLBCL-RICOVER_623,CCNB1,AMP,CNA
DLBCL-RICOVER_623,NFKBIE,AMP,CNA
DLBCL-RICOVER_623,BAD,AMP,CNA
DLBCL-RICOVER_623,REL,AMP,CNA
DLBCL-RICOVER_623,RB1,HETLOSS,CNA
DLBCL-RICOVER_623,,,
DLBCL-RICOVER_678,BCL2,AMP,CNA
DLBCL-RICOVER_678,NFKBIB,AMP,CNA
DLBCL-RICOVER_678,CCNE1,AMP,CNA
DLBCL-RICOVER_678,BAX,AMP,CNA
DLBCL-RICOVER_685,PRDM1,HETLOSS,CNA
DLBCL-RICOVER_685,CDKN1B,HETLOSS,CNA
DLBCL-RICOVER_685,MYD88,L265P,MISSENSE
DLBCL-RICOVER_685,CD79B,Y197C,MISSENSE
DLBCL-RICOVER_685,,,
DLBCL-RICOVER_692,PARP1,AMP,CNA
DLBCL-RICOVER_692,MCL1,AMP,CNA
DLBCL-RICOVER_692,NFKBIB,AMP,CNA
DLBCL-RICOVER_692,CCNE1,AMP,CNA
DLBCL-RICOVER_692,BAX,AMP,CNA
DLBCL-RICOVER_692,REL,AMP,CNA
DLBCL-RICOVER_692,CDKN1B,HETLOSS,CNA
DLBCL-RICOVER_692,RB1,HETLOSS,CNA
DLBCL-RICOVER_694,PARP1,AMP,CNA
DLBCL-RICOVER_694,MCL1,AMP,CNA
DLBCL-RICOVER_701,CYCS,AMP,CNA
DLBCL-RICOVER_701,PRDM1,HETLOSS,CNA
DLBCL-RICOVER_704,MYD88,AMP,CNA
DLBCL-RICOVER_704,NFKBIB,AMP,CNA
DLBCL-RICOVER_704,CCNE1,AMP,CNA
DLBCL-RICOVER_704,BAX,AMP,CNA
DLBCL-RICOVER_704,PRDM1,HETLOSS,CNA
DLBCL-RICOVER_704,PRDM1,E97=,SPLICE
DLBCL-RICOVER_704,PRDM1,E97=,SPLICE
DLBCL-RICOVER_704,,,
DLBCL-RICOVER_711,CYCS,AMP,CNA
DLBCL-RICOVER_711,REL,AMP,CNA
DLBCL-RICOVER_711,CDH1,T340M,MISSENSE
DLBCL-RICOVER_711,,,
DLBCL-RICOVER_712,MYD88,AMP,CNA
DLBCL-RICOVER_712,CYCS,AMP,CNA
DLBCL-RICOVER_712,BCL2,AMP,CNA
DLBCL-RICOVER_712,NFKBIB,AMP,CNA
DLBCL-RICOVER_712,CCNE1,AMP,CNA
DLBCL-RICOVER_712,BAX,AMP,CNA
DLBCL-RICOVER_712,PARP1,HETLOSS,CNA
DLBCL-RICOVER_712,PRDM1,X97_splice,SPLICE
DLBCL-RICOVER_712,PRDM1,E97=,SPLICE
DLBCL-RICOVER_712,PRDM1,X97_splice,SPLICE
DLBCL-RICOVER_712,PRDM1,E97=,SPLICE
DLBCL-RICOVER_712,,,
DLBCL-RICOVER_720,MYD88,AMP,CNA
DLBCL-RICOVER_720,NFKBIE,AMP,CNA
DLBCL-RICOVER_720,CYCS,AMP,CNA
DLBCL-RICOVER_720,BAD,AMP,CNA
DLBCL-RICOVER_720,BCL2,AMP,CNA
DLBCL-RICOVER_720,CASP3,HETLOSS,CNA
DLBCL-RICOVER_720,PRDM1,HETLOSS,CNA
DLBCL-RICOVER_720,MYD88,L265P,MISSENSE
DLBCL-RICOVER_720,CD79B,L200Q,MISSENSE
DLBCL-RICOVER_720,,,
DLBCL-RICOVER_744,CYCS,AMP,CNA
DLBCL-RICOVER_763,MYD88,AMP,CNA
DLBCL-RICOVER_763,BAD,AMP,CNA
DLBCL-RICOVER_763,BCL2,AMP,CNA
DLBCL-RICOVER_763,CD79B,A189G,MISSENSE
DLBCL-RICOVER_763,,,
DLBCL-RICOVER_773,BAD,AMP,CNA
DLBCL-RICOVER_773,BCL2,AMP,CNA
DLBCL-RICOVER_773,MYD88,L265P,MISSENSE
DLBCL-RICOVER_773,,,
DLBCL-RICOVER_780,NFKBIE,AMP,CNA
DLBCL-RICOVER_780,CYCS,AMP,CNA
DLBCL-RICOVER_780,BAD,AMP,CNA
DLBCL-RICOVER_780,REL,AMP,CNA
DLBCL-RICOVER_780,PRDM1,HETLOSS,CNA
DLBCL-RICOVER_780,CDKN1B,HETLOSS,CNA
DLBCL-RICOVER_780,RB1,HETLOSS,CNA
DLBCL-RICOVER_787,NFKBIE,AMP,CNA
DLBCL-RICOVER_787,CYCS,AMP,CNA
DLBCL-RICOVER_787,MCL1,AMP,CNA
DLBCL-RICOVER_787,CASP3,HETLOSS,CNA
DLBCL-RICOVER_822,BAD,AMP,CNA
DLBCL-RICOVER_822,BCL2,AMP,CNA
DLBCL-RICOVER_822,NFKBIB,AMP,CNA
DLBCL-RICOVER_822,CCNE1,AMP,CNA
DLBCL-RICOVER_822,BAX,AMP,CNA
DLBCL-RICOVER_822,REL,AMP,CNA
DLBCL-RICOVER_826,PRDM1,HETLOSS,CNA
DLBCL-RICOVER_829,PARP1,AMP,CNA
DLBCL-RICOVER_829,MCL1,AMP,CNA
DLBCL-RICOVER_829,CCNB1,AMP,CNA
DLBCL-RICOVER_829,NFKBIE,AMP,CNA
DLBCL-RICOVER_829,CYCS,AMP,CNA
DLBCL-RICOVER_829,PRDM1,HETLOSS,CNA
DLBCL-RICOVER_839,CCNB1,AMP,CNA
DLBCL-RICOVER_839,TP53,N239S,MISSENSE
DLBCL-RICOVER_839,,,
DLBCL-RICOVER_850,MYD88,AMP,CNA
DLBCL-RICOVER_850,NFKBIE,AMP,CNA
DLBCL-RICOVER_850,CYCS,AMP,CNA
DLBCL-RICOVER_850,REL,AMP,CNA
DLBCL-RICOVER_865,MYD88,AMP,CNA
DLBCL-RICOVER_865,PRDM1,HETLOSS,CNA
DLBCL-RICOVER_866,PARP1,AMP,CNA
DLBCL-RICOVER_866,MCL1,AMP,CNA
DLBCL-RICOVER_866,REL,AMP,CNA
DLBCL-RICOVER_910,CCNB1,AMP,CNA
DLBCL-RICOVER_910,,,
DLBCL-RICOVER_945,NFKBIB,AMP,CNA
DLBCL-RICOVER_945,CCNE1,AMP,CNA
DLBCL-RICOVER_945,BAX,AMP,CNA
DLBCL-RICOVER_945,PRDM1,HETLOSS,CNA
DLBCL-RICOVER_948,NFKBIE,AMP,CNA
DLBCL-RICOVER_948,BCL2,AMP,CNA
DLBCL-RICOVER_948,CDKN1B,HETLOSS,CNA
DLBCL-RICOVER_950,IRF8,Y23H,MISSENSE
DLBCL-RICOVER_950,,,
DLBCL-RICOVER_956,MYD88,AMP,CNA
DLBCL-RICOVER_956,CYCS,AMP,CNA
DLBCL-RICOVER_956,BCL2,AMP,CNA
DLBCL-RICOVER_977,PARP1,AMP,CNA
DLBCL-RICOVER_977,MCL1,AMP,CNA
DLBCL-RICOVER_977,BAD,AMP,CNA
DLBCL-RICOVER_977,MYD88,S243N,MISSENSE
DLBCL-RICOVER_977,BCL6,F43S,MISSENSE
DLBCL-RICOVER_977,BCL6,BCL6-PKM2_Fusion,FUSION
DLBCL-RICOVER_977,BCL10,R58Q,MISSENSE
DLBCL-RICOVER_977,TNFAIP3,X99_splice,SPLICE
DLBCL-RICOVER_977,BCL6,F43S,MISSENSE
DLBCL-RICOVER_977,BCL6,BCL6-PKM2_Fusion,FUSION
DLBCL-RICOVER_977,,,
DLBCL-RICOVER_978,REL,AMP,CNA
DLBCL-RICOVER_978,PARP1,HETLOSS,CNA
DLBCL-RICOVER_985,BAD,AMP,CNA
DLBCL-RICOVER_985,REL,AMP,CNA
DLBCL-RICOVER_99,MYD88,AMP,CNA
DLBCL-RICOVER_99,BCL2,AMP,CNA
DLBCL-RICOVER_99,NFKBIB,AMP,CNA
DLBCL-RICOVER_99,CCNE1,AMP,CNA
DLBCL-RICOVER_99,BAX,AMP,CNA
DLBCL-RICOVER_99,MYD88,S243N,MISSENSE
DLBCL-RICOVER_99,CD79B,X198_splice,SPLICE
DLBCL-RICOVER_99,,,