Sample,Mutation_spectrum(C>A/C>G/C>T/T>A/T>C/T>G),Mutation_Count(lognumber),Absolute_Ploidy(number),Absolute_Purity(number),Cancer_Type(string),Cancer_Type_Detailed(string),Cluster(number),Cohort(string),Driver_Mutations(number),Number_of_Driver_Structural_Variants(number),Number_of_Samples_Per_Patient(string),Oncotree_Code(string),Sample_Collection_Source(string),Sex(string),Somatic_Status(string),TMB_nonsynonymous(number),Total_Number_of_Nonsilent_Mutation(number),Total_Number_of_Silent_Mutation(number),Total_Rearrangement(number),dbSNP_Mutation_Density(number),Driver_Mutation_Density(number),mean_target_coverage_tumor(number),Mutation_Density(number),Nonsilent_Mutation_Density(number),Number_of_dbSNP_Mutations(number),Number_of_Driver_SCNAs(number),Silent_Mutation_Density(number),Total_CNA(number),Age_at_Diagnosis(number),Age_IPI_Factor(number),CNS_Involvement(string),ECOG_IPI_Score(number),Extralymphatic_Involvement_IPI_Factor(number),IPI(number),LDH_IPI_Factor(number),R-CHOP_like_chemo(string),STAGE_IPI_Factor(number),Testicular_Involvement(string),Overall_Survival_Status(string),Overall_Survival_Months(number),Progress_Free_Survival_Months(number),Progression_Free_Status(string),COO_by_Any_GEP_+_Nanostring(string),Tumor_in_Normal_Estimate(number),Morphology_Subtype(string),COO_by_GEP(string),Consensus_Clustering_Category(string),COO_by_Lymph2CX(string),patientName,peakCN,AUCCN,peakEIA,AUCEIA,peakSyn,AUCSyn,sumOnlyPosSyn,normalisedSyn,logCN
DLBCL-LS951,8/12/40/5/17/9,94,2.21,0.29,Mature_B-Cell_Neoplasms,Germinal_Center_B-Cell_Type,4,Mayo/Iowa,7,N/A,1,GCB,Frozen,Male,Matched,3.133333333,94,22,N/A,0.354,0.207,107,3.425694,2.775994,12,14,0.65,26,63,1,No,1,N/A,3,N/A,Yes,1,No,DECEASED,1,0.7,Progressed,GCB,N/A,N/A,GCB,HR,N/A,DLBCL-LS951,357,647593,457,735913,55,-88320,24778,-0.120014186,2.552668216
DLBCL-LS762,4/1/13/1/4/2,28,2.03,0.74,Mature_B-Cell_Neoplasms,"Diffuse_Large_B-Cell_Lymphoma,_NOS",3,Mayo/Iowa,2,N/A,1,DLBCLNOS,Frozen,Female,Matched,0.933333333,28,11,1,0.205,0.0585,101.2,1.1414,0.819467,7,2,0.322,15,88,1,No,1,N/A,4,1,No,1,No,DECEASED,3.4,1.2,Progressed,Unclassified,0.005,N/A,Unclassified,BCR,N/A,DLBCL-LS762,331,596705,358,568951,145,27754,49847,0.048781002,2.519827994
DLBCL-RICOVER_107,15/6/51/5/15/18,118,2.06,0.4,Mature_B-Cell_Neoplasms,"Diffuse_Large_B-Cell_Lymphoma,_NOS",2,RICOVER,5,1,1,DLBCLNOS,FFPE,Female,Matched,3.933333333,118,28,1,0.35,0.159,108.7,4.65025,3.758421,11,20,0.892,54,61,1,No,1,1,5,1,Yes,1,No,DECEASED,4.8296,4.8296,Progressed,Unclassified,0.005,Immunoblastic,N/A,N/A,Unclassified,DLBCL-RICOVER_107,730,1.58E+06,568,981483,572,596005,597398,0.607249438,2.86332286
DLBCL-RICOVER_274,10/11/60/4/6/8,103,2.08,0.62,Mature_B-Cell_Neoplasms,Activated_B-cell_Type,4,RICOVER,10,N/A,1,ABC,FFPE,Male,Matched,3.433333333,104,38,1,0.85,0.315,109.6,4.472015,3.275279,27,10,1.2,86,78,1,No,N/A,N/A,3,1,Yes,1,No,DECEASED,4.9281,4.9281,Progressed,ABC,0.01,Centroblastic,N/A,N/A,ABC,DLBCL-RICOVER_274,413,746119,388,641373,250,104746,115293,0.163315263,2.615950052
DLBCL-LS148,12/3/21/2/8/3,50,2.02,0.95,Mature_B-Cell_Neoplasms,"Diffuse_Large_B-Cell_Lymphoma,_NOS",5,Mayo/Iowa,3,1,1,DLBCLNOS,Frozen,Female,Matched,1.7,51,16,1,0.15,0.0897,88.6,2.004043,1.525466,5,3,0.479,28,82,1,No,N/A,N/A,3,1,Yes,1,No,DECEASED,6.2,5.3,Progressed,N/A,0.01,N/A,N/A,N/A,N/A,DLBCL-LS148,519,878231,432,710091,300,168140,182056,0.236786553,2.715167358
DLBCL-RICOVER_181,12/11/59/9/13/16,129,2.39,0.5,Mature_B-Cell_Neoplasms,"Diffuse_Large_B-Cell_Lymphoma,_NOS",1,RICOVER,15,2,1,DLBCLNOS,FFPE,Female,Matched,4.3,129,50,4,1.01,0.461,78.2,5.503688,3.966345,33,14,1.54,24,69,1,No,N/A,1,4,1,Yes,1,No,DECEASED,6.2752,6.2752,Progressed,Unclassified,N/A,Immunoblastic,N/A,N/A,Unclassified,DLBCL-RICOVER_181,203,418241,241,438645,90,-20404,56054,-0.046515975,2.307496038
DLBCL-LS4619,9/11/54/12/14/11,115,2.05,0.58,Mature_B-Cell_Neoplasms,Germinal_Center_B-Cell_Type,3,Mayo/Iowa,4,1,1,GCB,Frozen,Male,Matched,3.833333333,115,50,2,0.791,0.122,70.3,5.016806,3.496562,26,8,1.52,56,88,1,No,N/A,1,4,1,Yes,1,No,DECEASED,6.4,6,Progressed,GCB,N/A,N/A,GCB,BCR,N/A,DLBCL-LS4619,893,1.13E+06,533,816967,583,317266,322528,0.388346163,2.950851459
DLBCL-LS88,8/7/8/0/3/2,31,2.01,0.8,Mature_B-Cell_Neoplasms,Activated_B-cell_Type,2,Mayo/Iowa,2,1,1,ABC,Frozen,Male,Matched,1.033333333,31,5,3,0.178,0.0594,105.7,1.069971,0.921364,6,17,0.149,78,61,1,No,N/A,N/A,3,1,Yes,1,No,DECEASED,7.3,7.3,Progressed,ABC,0.015,N/A,ABC,BCR,N/A,DLBCL-LS88,302,557379,295,557433,88,-54,55109,-9.69E-05,2.480006943
DLBCL-RICOVER_1219,14/7/54/3/7/4,92,2.07,0.58,Mature_B-Cell_Neoplasms,Activated_B-cell_Type,5,RICOVER,6,1,1,ABC,FFPE,Female,Matched,3.066666667,92,40,1,0.748,0.187,82,4.116746,2.869247,24,7,1.25,48,77,1,Yes,1,1,4,N/A,Yes,1,No,DECEASED,8.4107,8.4107,Progressed,ABC,N/A,Centroblastic,N/A,N/A,ABC,DLBCL-RICOVER_1219,331,596705,358,568951,145,27754,49847,0.048781002,2.519827994
DLBCL-DFCI_DLBCL_Goe16,8/5/16/14/14/7,65,2.11,0.82,Mature_B-Cell_Neoplasms,"Diffuse_Large_B-Cell_Lymphoma,_NOS",3,Goettingen,6,1,1,DLBCLNOS,Frozen,Female,Matched,2.166666667,64,28,2,0.334,0.182,74.3,2.791399,1.941843,11,3,0.85,19,38,N/A,No,N/A,1,2,1,Yes,N/A,No,DECEASED,9.866666667,5.633333333,Progressed,N/A,0.005,N/A,N/A,N/A,N/A,DLBCL-DFCI_DLBCL_Goe16,172,400355,172,400355,0,0,0,0,2.235528447
DLBCL-LS297,8/7/25/14/17/13,87,2.06,0.57,Mature_B-Cell_Neoplasms,Germinal_Center_B-Cell_Type,3,Mayo/Iowa,9,1,1,GCB,Frozen,Female,Matched,2.9,86,23,1,0.41,0.264,99.8,3.194797,2.520666,14,5,0.674,36,67,1,No,N/A,1,4,1,Yes,1,No,DECEASED,10.2,10.2,Progressed,GCB,N/A,N/A,GCB,N/A,N/A,DLBCL-LS297,99,232769,99,271150,56,-38381,2976,-0.141548958,1.995635195
DLBCL-LS2978,21/8/65/6/25/11,140,2.13,0.66,Mature_B-Cell_Neoplasms,Activated_B-cell_Type,1,Mayo/Iowa,11,3,1,ABC,Frozen,Female,Matched,4.733333333,143,36,3,0.804,0.328,93.1,5.330008,4.258051,27,7,1.07,44,63,1,No,N/A,1,4,1,Yes,1,No,DECEASED,10.2,9.9,Progressed,ABC,0.005,N/A,ABC,BCR,N/A,DLBCL-LS2978,493,734272,489,633983,161,100289,122392,0.158188784,2.692846919
DLBCL-LS1065,9/16/35/6/11/3,86,1.96,0.87,Mature_B-Cell_Neoplasms,Activated_B-cell_Type,2,Mayo/Iowa,8,N/A,1,ABC,Frozen,Male,Matched,2.866666667,86,26,5,0.386,0.238,106.9,3.327865,2.555325,13,15,0.773,83,68,1,No,N/A,1,4,1,Yes,1,No,DECEASED,12.7,,Progressed,ABC,N/A,N/A,ABC,BCR,N/A,DLBCL-LS1065,472,798483,532,824360,130,-25877,63756,-0.031390412,2.673941999
DLBCL-LS2599,10/10/36/9/23/13,107,2.26,0.86,Mature_B-Cell_Neoplasms,Germinal_Center_B-Cell_Type,3,Mayo/Iowa,10,1,1,GCB,Frozen,Female,Matched,3.566666667,106,41,2,0.878,0.325,90.1,4.777879,3.445273,27,13,1.33,38,63,1,No,N/A,N/A,2,N/A,Yes,1,No,DECEASED,12.7,4.9,Progressed,GCB,N/A,N/A,GCB,BCR,N/A,DLBCL-LS2599,387,634923,321,564065,163,70858,73783,0.125620274,2.587710965
DLBCL-LS2208,4/3/15/0/1/1,25,2.12,0.28,Mature_B-Cell_Neoplasms,Activated_B-cell_Type,5,Mayo/Iowa,1,1,1,ABC,Frozen,Male,Matched,0.833333333,25,8,1,0.325,0.0296,91.9,0.975828,0.739263,11,4,0.237,11,55,N/A,No,N/A,1,3,1,Yes,1,Yes,DECEASED,13.7,7,Progressed,ABC,N/A,N/A,ABC,OxPhos,N/A,DLBCL-LS2208,279,486489,248,468635,76,17854,29516,0.03809788,2.445604203
DLBCL-LS843,14/4/23/17/21/23,107,2.05,0.64,Mature_B-Cell_Neoplasms,"Diffuse_Large_B-Cell_Lymphoma,_NOS",3,Mayo/Iowa,11,1,1,DLBCLNOS,Frozen,Male,Matched,3.6,109,31,5,0.485,0.334,79.8,4.24614,3.305924,16,6,0.94,39,59,N/A,No,1,N/A,3,1,Yes,1,No,DECEASED,13.7,6.5,Progressed,N/A,N/A,N/A,N/A,N/A,N/A,DLBCL-LS843,186,417447,200,411808,51,5639,9722,0.013693275,2.269512944
DLBCL-RICOVER_623,29/18/112/10/19/12,201,2.24,0.45,Mature_B-Cell_Neoplasms,Germinal_Center_B-Cell_Type,2,RICOVER,6,N/A,1,GCB,FFPE,Female,Matched,6.7,201,70,N/A,1.87,0.19,105.4,8.599562,6.378273,59,16,2.22,37,62,1,No,1,N/A,4,1,Yes,1,No,DECEASED,16.4271,10.3819,Progressed,GCB,N/A,"Diffuse_large_B-cell_lymphoma,_NOS",N/A,N/A,GCB,DLBCL-RICOVER_623,179,359831,249,415730,89,-55899,21805,-0.134459866,2.252853031
DLBCL-RICOVER_773,5/4/26/7/10/14,66,2.16,0.74,Mature_B-Cell_Neoplasms,Activated_B-cell_Type,5,RICOVER,6,N/A,1,ABC,FFPE,Female,Matched,2.2,67,21,N/A,0.522,0.241,43.3,3.531571,2.68881,13,14,0.843,39,70,1,No,N/A,N/A,3,1,Yes,1,No,DECEASED,17.6427,10.1848,Progressed,ABC,0.005,Centroblastic,N/A,N/A,ABC,DLBCL-RICOVER_773,227,441640,346,469551,41,-27911,28803,-0.059441892,2.356025857
DLBCL-LS4085,4/2/35/2/6/1,55,2.12,0.6,Mature_B-Cell_Neoplasms,Activated_B-cell_Type,5,Mayo/Iowa,5,N/A,1,ABC,Frozen,Female,Matched,1.833333333,55,23,1,0.474,0.148,92,2.308706,1.627934,16,9,0.681,37,81,1,No,N/A,1,3,N/A,Yes,1,No,DECEASED,19.5,19.1,Progressed,ABC,0.005,N/A,ABC,OxPhos,N/A,DLBCL-LS4085,395,737710,422,682932,214,54778,82951,0.080210036,2.596597096
DLBCL-LS1620,7/14/46/15/55/54,194,2.02,0.84,Mature_B-Cell_Neoplasms,Germinal_Center_B-Cell_Type,3,Mayo/Iowa,12,1,1,GCB,Frozen,Female,Matched,6.433333333,194,36,3,0.653,0.356,92.7,6.823137,5.755167,22,5,1.07,28,65,1,No,1,N/A,3,1,Yes,N/A,No,DECEASED,20.9,7.4,Progressed,GCB,0.005,N/A,GCB,BCR,N/A,DLBCL-LS1620,172,400355,172,400355,0,0,0,0,2.235528447
DLBCL-LS2089,6/2/21/2/6/0,39,3.95,0.51,Mature_B-Cell_Neoplasms,Activated_B-cell_Type,2,Mayo/Iowa,4,N/A,1,ABC,Frozen,Male,Matched,1.3,39,21,N/A,0.361,0.12,91.6,1.805627,1.173657,12,20,0.632,79,68,1,No,N/A,N/A,3,1,Yes,1,No,DECEASED,20.9,7.6,Progressed,ABC,0.005,N/A,ABC,BCR,N/A,DLBCL-LS2089,413,679508,435,654615,136,24893,87904,0.038026932,2.615950052
DLBCL-RICOVER_1013,6/7/33/3/7/2,61,2.73,0.21,Mature_B-Cell_Neoplasms,Germinal_Center_B-Cell_Type,3,RICOVER,4,1,1,GCB,FFPE,Male,Matched,2.033333333,62,27,1,0.471,0.126,100.9,2.796884,1.948391,15,12,0.848,236,65,1,No,N/A,N/A,1,N/A,Yes,N/A,No,DECEASED,21.1253,7.1622,Progressed,GCB,0.005,Centroblastic,N/A,N/A,GCB,DLBCL-RICOVER_1013,275,582646,306,713394,59,-130748,7737,-0.183276002,2.439332694
DLBCL-RICOVER_197,5/1/16/4/6/5,41,2.01,0.67,Mature_B-Cell_Neoplasms,Germinal_Center_B-Cell_Type,3,RICOVER,6,N/A,1,GCB,FFPE,Male,Matched,1.366666667,41,21,N/A,0.212,0.212,69.3,2.191384,1.449141,6,5,0.742,119,70,1,No,1,1,4,N/A,Yes,1,No,DECEASED,25.692,25.692,Progressed,GCB,N/A,"Diffuse_large_B-cell_lymphoma,_NOS",N/A,N/A,GCB,DLBCL-RICOVER_197,114,292677,114,292677,0,0,0,0,2.056904851
DLBCL-LS1583,9/3/18/7/8/1,51,2.04,0.7,Mature_B-Cell_Neoplasms,Activated_B-cell_Type,5,Mayo/Iowa,6,N/A,1,ABC,Frozen,Male,Matched,1.7,51,19,N/A,0.443,0.177,99.5,2.06525,1.504682,15,10,0.561,39,76,1,No,N/A,N/A,2,N/A,Yes,1,No,DECEASED,26.8,14.9,Progressed,ABC,N/A,N/A,ABC,OxPhos,N/A,DLBCL-LS1583,331,596705,358,568951,145,27754,49847,0.048781002,2.519827994
DLBCL-RICOVER_1032,12/6/47/3/16/10,97,2.05,0.67,Mature_B-Cell_Neoplasms,Activated_B-cell_Type,5,RICOVER,10,N/A,1,ABC,FFPE,Female,Matched,3.233333333,97,44,N/A,0.841,0.323,65.6,4.56007,3.13707,26,16,1.42,108,72,1,No,N/A,N/A,3,1,Yes,1,No,DECEASED,27.2361,13.076,Progressed,ABC,N/A,Centroblastic,N/A,N/A,ABC,DLBCL-RICOVER_1032,300,524295,502,639362,107,-115067,49372,-0.179971597,2.477121255
DLBCL-RICOVER_148,2/1/16/2/12/8,42,2.03,0.61,Mature_B-Cell_Neoplasms,Germinal_Center_B-Cell_Type,4,RICOVER,6,N/A,1,GCB,FFPE,Female,Matched,1.466666667,43,18,N/A,0.325,0.195,88.6,1.982077,1.397202,10,5,0.585,85,70,1,No,N/A,N/A,1,N/A,Yes,N/A,No,DECEASED,32.6899,13.7988,Progressed,GCB,0.005,Centroblastic,N/A,N/A,GCB,DLBCL-RICOVER_148,99,193277,99,193277,0,0,0,0,1.995635195
DLBCL-LS1304,1/3/8/1/4/0,17,2.06,0.22,Mature_B-Cell_Neoplasms,Activated_B-cell_Type,5,Mayo/Iowa,3,2,1,ABC,Frozen,Male,Matched,0.566666667,17,7,2,0.206,0.0882,96.9,0.705438,0.499685,7,2,0.206,12,72,1,No,N/A,N/A,2,N/A,Yes,1,No,DECEASED,33.9,16.4,Progressed,ABC,N/A,N/A,ABC,HR,N/A,DLBCL-LS1304,500,760164,401,692576,136,67588,70070,0.09758929,2.698970004
DLBCL-LS4323,7/8/23/2/8/5,54,2.1,0.28,Mature_B-Cell_Neoplasms,Activated_B-cell_Type,1,Mayo/Iowa,4,N/A,1,ABC,Frozen,Female,Matched,1.8,54,19,N/A,0.392,0.121,70.5,2.200658,1.627884,13,4,0.573,21,42,N/A,No,N/A,N/A,1,N/A,Yes,1,No,LIVING,35.4,71.8,Not_Progressed,ABC,N/A,N/A,ABC,OxPhos,N/A,DLBCL-LS4323,331,596705,358,568951,145,27754,49847,0.048781002,2.519827994
DLBCL-RICOVER_267,7/6/59/14/17/19,127,2.02,0.85,Mature_B-Cell_Neoplasms,Germinal_Center_B-Cell_Type,3,RICOVER,14,2,1,GCB,FFPE,Male,Matched,4.233333333,128,39,4,0.88,0.425,115.9,5.069874,3.885891,29,4,1.18,28,70,1,No,N/A,N/A,2,N/A,Yes,1,No,DECEASED,36.5667,36.5667,Progressed,GCB,0.005,Centroblastic,N/A,N/A,GCB,DLBCL-RICOVER_267,377,645922,299,548887,132,97035,98777,0.176785021,2.57634135
DLBCL-RICOVER_506,9/3/33/4/8/4,64,2.17,0.45,Mature_B-Cell_Neoplasms,Activated_B-cell_Type,5,RICOVER,7,1,1,ABC,FFPE,Female,Matched,2.166666667,65,16,1,0.449,0.224,81.7,2.597281,2.084238,14,21,0.513,40,70,1,No,N/A,N/A,3,1,Yes,1,No,DECEASED,42.0534,42.0534,Progressed,ABC,N/A,Centroblastic,N/A,N/A,ABC,DLBCL-RICOVER_506,605,943509,592,879403,414,64106,105489,0.072897181,2.781755375
DLBCL-LS146,21/11/51/6/24/18,134,4.18,0.82,Mature_B-Cell_Neoplasms,Germinal_Center_B-Cell_Type,2,Mayo/Iowa,4,N/A,1,GCB,Frozen,Male,Matched,4.5,134,50,N/A,1.09,0.118,100.1,5.439132,3.961107,37,28,1.48,85,66,1,No,N/A,N/A,2,1,Yes,N/A,No,DECEASED,45.2,29.8,Progressed,GCB,N/A,N/A,GCB,BCR,N/A,DLBCL-LS146,1150,1.80E+06,884,1.27E+06,707,530908,654475,0.419551153,3.06069784
DLBCL-LS4394,10/5/39/7/10/7,81,2.11,0.55,Mature_B-Cell_Neoplasms,"Diffuse_Large_B-Cell_Lymphoma,_NOS",1,Mayo/Iowa,8,1,1,DLBCLNOS,Frozen,Male,Matched,2.7,81,19,2,0.394,0.243,71.9,3.032015,2.455932,13,11,0.576,23,69,1,No,N/A,N/A,3,1,Yes,1,No,LIVING,46.8,71.1,Not_Progressed,N/A,N/A,N/A,N/A,N/A,N/A,DLBCL-LS4394,548,801986,482,645551,225,156435,177903,0.242327872,2.738780558
DLBCL-LS4618,8/11/24/8/15/14,82,2,0.46,Mature_B-Cell_Neoplasms,Germinal_Center_B-Cell_Type,3,Mayo/Iowa,6,2,1,GCB,Frozen,Male,Matched,2.766666667,83,33,3,0.482,0.181,74.6,3.491686,2.498361,16,N/A,0.993,11,60,N/A,No,N/A,N/A,N/A,N/A,Yes,N/A,No,LIVING,46.9,58.3,Not_Progressed,GCB,N/A,N/A,GCB,BCR,N/A,DLBCL-LS4618,318,599399,262,547511,104,51888,51894,0.094770699,2.50242712
DLBCL-LS4616,13/12/48/13/21/36,150,1.97,0.58,Mature_B-Cell_Neoplasms,Germinal_Center_B-Cell_Type,3,Mayo/Iowa,8,2,1,GCB,Frozen,Female,Matched,5,149,47,3,0.725,0.242,72.8,5.923697,4.503218,24,12,1.42,60,81,1,No,N/A,N/A,1,N/A,No,N/A,No,LIVING,47,58.8,Not_Progressed,GCB,N/A,N/A,GCB,HR,N/A,DLBCL-LS4616,806,1.96E+06,391,1.01E+06,422,952180,952182,0.942117246,2.906335042
DLBCL-LS4592,7/6/44/12/15/9,98,1.98,0.81,Mature_B-Cell_Neoplasms,Germinal_Center_B-Cell_Type,3,Mayo/Iowa,11,1,1,GCB,Frozen,Male,Matched,3.266666667,98,36,2,0.632,0.348,71.3,4.233956,3.096475,20,10,1.14,76,78,1,No,N/A,N/A,1,N/A,Yes,N/A,No,LIVING,47.6,8.9,Progressed,GCB,0.005,N/A,GCB,OxPhos,N/A,DLBCL-LS4592,531,1.05E+06,503,914123,332,136769,192479,0.149617721,2.725094521
DLBCL-LS4593,12/7/19/8/15/17,80,1.99,0.49,Mature_B-Cell_Neoplasms,"Diffuse_Large_B-Cell_Lymphoma,_NOS",3,Mayo/Iowa,5,1,1,DLBCLNOS,Frozen,Female,Matched,2.666666667,80,26,2,0.297,0.148,74.3,3.147916,2.375785,10,8,0.772,7,67,1,No,N/A,1,3,N/A,Yes,1,No,LIVING,47.6,59,Not_Progressed,N/A,0.005,N/A,N/A,N/A,N/A,DLBCL-LS4593,139,316079,168,340118,40,-24039,25787,-0.070678412,2.1430148
DLBCL-RICOVER_126,14/6/34/6/11/10,85,3.29,0.71,Mature_B-Cell_Neoplasms,Germinal_Center_B-Cell_Type,2,RICOVER,6,1,1,GCB,FFPE,Female,Matched,2.833333333,85,27,3,0.486,0.182,116.3,3.402646,2.582366,16,17,0.82,102,72,1,No,N/A,N/A,2,N/A,Yes,1,No,DECEASED,48.0986,48.0986,Progressed,GCB,N/A,"Diffuse_large_B-cell_lymphoma,_NOS",N/A,N/A,GCB,DLBCL-RICOVER_126,609,1.03E+06,622,948629,172,85283,153330,0.089901321,2.784617293
DLBCL-LS3387,5/20/71/14/39/54,204,2.06,0.3,Mature_B-Cell_Neoplasms,Germinal_Center_B-Cell_Type,4,Mayo/Iowa,22,1,1,GCB,Frozen,Male,Matched,6.833333333,205,61,1,0.767,0.649,95.6,7.844452,6.045537,26,4,1.8,20,64,1,No,N/A,N/A,3,1,Yes,1,No,LIVING,49.5,49.4,Not_Progressed,GCB,0.005,N/A,GCB,HR,N/A,DLBCL-LS3387,501,778200,421,618073,272,160127,170091,0.259074575,2.699837726
DLBCL-LS2357,11/21/44/8/9/11,106,2,0.28,Mature_B-Cell_Neoplasms,"Diffuse_Large_B-Cell_Lymphoma,_NOS",4,Mayo/Iowa,11,N/A,1,DLBCLNOS,Frozen,Male,Matched,3.533333333,106,29,N/A,0.554,0.321,98,3.933557,3.088571,19,N/A,0.845,10,51,N/A,No,N/A,1,3,1,Yes,1,No,LIVING,52,92.3,Not_Progressed,Unclassified,N/A,N/A,Unclassified,OxPhos,N/A,DLBCL-LS2357,238,461273,238,461273,0,0,0,0,2.376576957
DLBCL-RICOVER_325,3/3/35/4/6/1,54,2.19,0.17,Mature_B-Cell_Neoplasms,"Diffuse_Large_B-Cell_Lymphoma,_NOS",2,RICOVER,2,N/A,1,DLBCLNOS,FFPE,Male,Matched,1.8,53,19,N/A,0.54,0.072,51.4,2.590993,1.907259,15,8,0.684,9,68,1,No,N/A,N/A,2,1,Yes,N/A,No,DECEASED,53.3224,15.6386,Progressed,N/A,0.015,"Diffuse_large_B-cell_lymphoma,_NOS",N/A,N/A,N/A,DLBCL-RICOVER_325,224,463153,223,434846,69,28307,30328,0.065096609,2.350248018
DLBCL-RICOVER_102,0/3/15/2/2/2,24,2,0.09,Mature_B-Cell_Neoplasms,"Diffuse_Large_B-Cell_Lymphoma,_NOS",4,RICOVER,3,N/A,1,DLBCLNOS,FFPE,Male,Matched,0.8,24,8,1,0.155,0.0931,102.9,0.992649,0.744487,5,N/A,0.248,11,73,1,No,N/A,N/A,1,N/A,Yes,N/A,No,DECEASED,54.5051,54.5051,Progressed,Unclassified,N/A,Centroblastic,N/A,N/A,Unclassified,DLBCL-RICOVER_102,345,620439,345,620439,0,0,0,0,2.537819095
DLBCL-LS2328,9/7/23/4/8/4,58,1.9,0.29,Mature_B-Cell_Neoplasms,Germinal_Center_B-Cell_Type,2,Mayo/Iowa,8,1,1,GCB,Frozen,Female,Matched,1.966666667,58,15,2,0.181,0.241,85.6,2.200325,1.748203,6,17,0.452,22,82,1,No,N/A,N/A,1,N/A,Yes,N/A,No,DECEASED,55.8,54.4,Progressed,GCB,N/A,N/A,GCB,OxPhos,N/A,DLBCL-LS2328,1986,5.58E+06,693,1.37E+06,1831,4.22E+06,4.22E+06,3.087864978,3.297979244
DLBCL-RICOVER_704,3/1/16/1/2/0,25,2.08,0.52,Mature_B-Cell_Neoplasms,Activated_B-cell_Type,5,RICOVER,5,N/A,1,ABC,FFPE,Male,Matched,0.866666667,26,21,1,0.342,0.155,102.9,1.459616,0.807447,11,8,0.652,34,68,1,No,N/A,N/A,2,N/A,Yes,1,No,LIVING,55.8522,55.8522,Not_Progressed,ABC,N/A,Centroblastic,N/A,N/A,ABC,DLBCL-RICOVER_704,197,387987,266,426603,104,-38616,21846,-0.090519757,2.294466226
DLBCL-LS3615,4/2/19/7/11/5,48,2,0.5,Mature_B-Cell_Neoplasms,"Diffuse_Large_B-Cell_Lymphoma,_NOS",3,Mayo/Iowa,7,N/A,1,DLBCLNOS,Frozen,Male,Matched,1.6,48,14,N/A,0.296,0.207,95.7,1.832312,1.418564,10,1,0.414,28,26,N/A,No,1,N/A,3,1,Yes,1,No,LIVING,56.7,56.6,Not_Progressed,Unclassified,0.005,N/A,Unclassified,HR,N/A,DLBCL-LS3615,114,292677,114,292677,0,0,0,0,2.056904851
DLBCL-LS3200,8/2/31/3/2/5,54,2.22,0.76,Mature_B-Cell_Neoplasms,Activated_B-cell_Type,5,Mayo/Iowa,3,N/A,1,ABC,Frozen,Male,Matched,1.833333333,55,14,N/A,0.445,0.089,94.1,2.046338,1.631139,15,14,0.415,58,57,N/A,No,N/A,N/A,1,1,Yes,N/A,No,LIVING,58.9,20.5,Progressed,ABC,0.005,N/A,ABC,BCR,N/A,DLBCL-LS3200,643,1.10E+06,605,923921,243,173640,226903,0.187938146,2.808210973
DLBCL-LS3809,12/6/24/5/10/2,60,2.25,0.39,Mature_B-Cell_Neoplasms,Activated_B-cell_Type,1,Mayo/Iowa,10,1,1,ABC,Frozen,Female,Matched,1.966666667,60,18,6,0.324,0.294,98.7,2.296919,1.766861,11,12,0.53,25,84,1,No,N/A,N/A,2,N/A,No,1,No,LIVING,58.9,71.3,Not_Progressed,ABC,0.005,N/A,ABC,BCR,N/A,DLBCL-LS3809,144,306896,199,328483,44,-21587,28423,-0.065717252,2.158362492
DLBCL-RICOVER_1150,5/3/48/3/10/8,81,2,0.5,Mature_B-Cell_Neoplasms,Activated_B-cell_Type,1,RICOVER,5,2,1,ABC,FFPE,Female,Matched,2.7,81,23,2,0.639,0.152,110,3.166466,2.46619,21,12,0.7,19,67,1,No,N/A,N/A,3,1,Yes,1,No,DECEASED,59.039,53.0595,Progressed,ABC,N/A,"Diffuse_large_B-cell_lymphoma,_NOS",N/A,N/A,ABC,DLBCL-RICOVER_1150,283,491128,258,450921,113,40207,44170,0.089166395,2.451786436
DLBCL-LS3749,4/11/15/3/6/1,40,3.2,0.56,Mature_B-Cell_Neoplasms,Germinal_Center_B-Cell_Type,2,Mayo/Iowa,2,N/A,1,GCB,Frozen,Male,Matched,1.333333333,40,19,N/A,0.325,0.059,96.4,1.741096,1.180404,11,25,0.561,94,41,N/A,No,N/A,N/A,N/A,N/A,Yes,N/A,No,LIVING,59.1,83,Not_Progressed,GCB,N/A,N/A,GCB,BCR,N/A,DLBCL-LS3749,494,835367,547,836484,136,-1117,73140,-0.001335351,2.693726949
DLBCL-LS3866,19/15/100/15/20/22,197,1.99,0.61,Mature_B-Cell_Neoplasms,Germinal_Center_B-Cell_Type,1,Mayo/Iowa,8,N/A,1,GCB,Frozen,Female,Matched,6.566666667,198,67,N/A,0.969,0.235,101.7,7.781009,5.813735,33,1,1.97,26,55,N/A,No,N/A,N/A,1,1,Yes,N/A,No,LIVING,59.1,76.6,Not_Progressed,GCB,0.005,N/A,GCB,BCR,N/A,DLBCL-LS3866,152,343697,152,343697,0,0,0,0,2.181843588
DLBCL-LS3808,9/8/49/2/6/7,82,1.98,0.26,Mature_B-Cell_Neoplasms,"Diffuse_Large_B-Cell_Lymphoma,_NOS",4,Mayo/Iowa,5,N/A,1,DLBCLNOS,Frozen,Female,Matched,2.733333333,82,33,N/A,0.445,0.148,92.1,3.412618,2.433345,15,1,0.979,16,51,N/A,No,N/A,N/A,1,N/A,Yes,1,No,LIVING,59.2,70.6,Not_Progressed,N/A,0.005,N/A,N/A,N/A,N/A,DLBCL-LS3808,238,461273,238,461273,0,0,0,0,2.376576957
DLBCL-RICOVER_1269,10/4/28/7/17/13,80,2.1,0.7,Mature_B-Cell_Neoplasms,Germinal_Center_B-Cell_Type,3,RICOVER,7,1,1,GCB,FFPE,Female,Matched,2.666666667,79,37,1,0.473,0.236,72.9,3.917273,2.667798,14,13,1.25,78,74,1,No,N/A,N/A,1,N/A,Yes,N/A,No,LIVING,59.4333,59.4333,Not_Progressed,GCB,N/A,Centroblastic,N/A,N/A,GCB,DLBCL-RICOVER_1269,305,557810,284,533695,56,24115,30271,0.045184984,2.484299839
DLBCL-LS3309,21/17/69/16/21/16,162,3.94,0.83,Mature_B-Cell_Neoplasms,Germinal_Center_B-Cell_Type,2,Mayo/Iowa,8,1,1,GCB,Frozen,Male,Matched,5.433333333,163,57,3,0.878,0.242,88,6.660292,4.934671,29,25,1.73,113,74,1,No,N/A,N/A,3,1,Yes,1,No,LIVING,59.7,59.2,Not_Progressed,GCB,N/A,N/A,GCB,OxPhos,N/A,DLBCL-LS3309,2210,8.78E+06,836,2.35E+06,2006,6.43E+06,6.43E+06,2.731696249,3.344392274
DLBCL-LS2596,8/3/38/3/9/1,65,2.04,0.83,Mature_B-Cell_Neoplasms,Activated_B-cell_Type,5,Mayo/Iowa,6,N/A,1,ABC,Frozen,Female,Matched,2.166666667,65,28,N/A,0.663,0.181,88.5,2.801707,1.958182,22,11,0.844,60,57,N/A,No,1,1,4,1,Yes,1,No,DECEASED,59.8,26.4,Progressed,ABC,N/A,N/A,ABC,BCR,N/A,DLBCL-LS2596,753,1.06E+06,546,851069,387,205887,216411,0.241915755,2.876794976
DLBCL-LS378,9/5/27/7/12/11,74,2.11,0.42,Mature_B-Cell_Neoplasms,"Diffuse_Large_B-Cell_Lymphoma,_NOS",1,Mayo/Iowa,9,1,1,DLBCLNOS,Frozen,Female,Matched,2.5,74,26,2,0.409,0.263,105.5,2.920554,2.16121,14,8,0.759,39,55,N/A,No,1,N/A,3,1,Yes,1,No,LIVING,59.9,59.6,Not_Progressed,Unclassified,N/A,N/A,Unclassified,BCR,N/A,DLBCL-LS378,480,705089,340,556456,183,148633,149576,0.267106474,2.681241237
DLBCL-LS2590,24/17/58/5/13/14,135,2.11,0.64,Mature_B-Cell_Neoplasms,Activated_B-cell_Type,4,Mayo/Iowa,13,N/A,1,ABC,Frozen,Female,Matched,4.533333333,135,51,N/A,1.07,0.385,90.6,5.511803,4.000502,36,6,1.51,51,53,N/A,No,N/A,N/A,N/A,N/A,Yes,N/A,No,DECEASED,60.7,60.2,Progressed,ABC,0.005,N/A,ABC,OxPhos,N/A,DLBCL-LS2590,472,782042,456,722101,269,59941,83996,0.083009164,2.673941999
DLBCL-LS3820,1/8/25/2/6/4,47,2.06,0.51,Mature_B-Cell_Neoplasms,Germinal_Center_B-Cell_Type,3,Mayo/Iowa,3,1,1,GCB,Frozen,Male,Matched,1.566666667,47,15,2,0.385,0.0889,92.5,1.836467,1.39216,13,5,0.444,14,58,N/A,No,N/A,N/A,2,1,No,1,No,LIVING,61.2,82.7,Not_Progressed,GCB,0.005,N/A,GCB,OxPhos,N/A,DLBCL-LS3820,147,331543,176,351789,62,-20246,28970,-0.057551544,2.167317335
DLBCL-LS3271,12/37/82/3/8/13,156,2.05,0.18,Mature_B-Cell_Neoplasms,Activated_B-cell_Type,4,Mayo/Iowa,11,1,1,ABC,Frozen,Male,Matched,5.2,156,50,2,0.528,0.322,98.2,6.038721,4.573012,18,3,1.47,26,78,1,No,N/A,1,4,1,Yes,1,No,LIVING,61.3,94.5,Not_Progressed,ABC,N/A,N/A,ABC,HR,N/A,DLBCL-LS3271,172,400355,172,400355,0,0,0,0,2.235528447
DLBCL-RICOVER_1263,7/9/33/14/10/12,88,2.01,0.93,Mature_B-Cell_Neoplasms,"Diffuse_Large_B-Cell_Lymphoma,_NOS",3,RICOVER,10,1,1,DLBCLNOS,FFPE,Male,Matched,2.933333333,88,17,1,0.502,0.386,39.2,4.05112,3.395224,13,17,0.656,164,62,1,No,1,1,5,1,Yes,1,No,LIVING,61.7659,61.7659,Not_Progressed,N/A,0.005,"Diffuse_large_B-cell_lymphoma,_NOS",N/A,N/A,N/A,DLBCL-RICOVER_1263,1166,2.40E+06,828,1.21E+06,933,1.18E+06,1.19E+06,0.97736417,3.06669855
DLBCL-RICOVER_1237,11/1/36/6/6/3,65,2.09,0.44,Mature_B-Cell_Neoplasms,"Diffuse_Large_B-Cell_Lymphoma,_NOS",5,RICOVER,4,N/A,1,DLBCLNOS,FFPE,Male,Matched,2.166666667,65,22,N/A,0.855,0.143,61.6,3.099608,2.315799,24,7,0.784,32,69,1,No,N/A,N/A,3,1,Yes,1,No,LIVING,63.0472,63.0472,Not_Progressed,Unclassified,N/A,Centroblastic,N/A,N/A,Unclassified,DLBCL-RICOVER_1237,1132,2.16E+06,742,1.10E+06,922,1.06E+06,1.06E+06,0.962186995,3.053846427
DLBCL-LS3085,2/1/2/0/1/0,8,2.02,0.17,Mature_B-Cell_Neoplasms,Activated_B-cell_Type,2,Mayo/Iowa,N/A,N/A,1,ABC,Frozen,Male,Matched,0.266666667,8,4,N/A,N/A,N/A,89.1,0.356495,0.237663,N/A,3,0.119,17,55,N/A,No,N/A,1,3,1,Yes,1,No,LIVING,63.1,84.5,Not_Progressed,ABC,N/A,N/A,ABC,HR,N/A,DLBCL-LS3085,147,331738,153,327168,40,4570,7177,0.013968359,2.167317335
DLBCL-RICOVER_174,13/3/36/7/9/4,75,3,0.61,Mature_B-Cell_Neoplasms,Activated_B-cell_Type,2,RICOVER,4,N/A,1,ABC,FFPE,Female,Matched,2.5,75,23,N/A,0.378,0.126,80,3.085831,2.361605,12,25,0.724,96,76,1,No,1,1,5,1,Yes,1,No,DECEASED,63.4743,63.4743,Progressed,ABC,N/A,"Diffuse_large_B-cell_lymphoma,_NOS",N/A,N/A,ABC,DLBCL-RICOVER_174,621,1.43E+06,601,1.03E+06,446,401082,430762,0.391103007,2.7930916
DLBCL-RICOVER_1190,0/4/22/3/6/4,41,2.16,0.2,Mature_B-Cell_Neoplasms,Activated_B-cell_Type,5,RICOVER,2,1,1,ABC,FFPE,Female,Matched,1.366666667,40,21,2,0.485,0.0606,98,1.849588,1.212845,16,7,0.637,17,75,1,No,N/A,N/A,3,1,Yes,1,No,LIVING,64.1971,64.1971,Not_Progressed,ABC,N/A,Centroblastic,N/A,N/A,ABC,DLBCL-RICOVER_1190,467,715595,387,595808,266,119787,132193,0.201049667,2.669316881
DLBCL-RICOVER_1235,16/3/41/7/8/4,81,3.31,0.48,Mature_B-Cell_Neoplasms,"Diffuse_Large_B-Cell_Lymphoma,_NOS",2,RICOVER,8,1,1,DLBCLNOS,FFPE,Male,Matched,2.7,81,41,1,0.845,0.26,86.1,3.966225,2.633313,26,23,1.33,152,66,1,No,N/A,N/A,1,N/A,Yes,N/A,No,LIVING,64.4928,64.4928,Not_Progressed,Unclassified,N/A,"Diffuse_large_B-cell_lymphoma,_NOS",N/A,N/A,Unclassified,DLBCL-RICOVER_1235,461,1.20E+06,368,896246,157,301124,324882,0.335983647,2.663700925
DLBCL-RICOVER_336,12/16/81/4/13/4,141,2.17,0.81,Mature_B-Cell_Neoplasms,"Diffuse_Large_B-Cell_Lymphoma,_NOS",4,RICOVER,13,N/A,1,DLBCLNOS,FFPE,Female,Matched,4.7,141,42,N/A,0.742,0.419,94.6,5.904855,4.549643,23,14,1.36,142,71,1,No,1,N/A,4,1,Yes,1,No,LIVING,66.037,66.037,Not_Progressed,Unclassified,N/A,Centroblastic,N/A,N/A,Unclassified,DLBCL-RICOVER_336,593,1.09E+06,486,857680,296,230964,231348,0.269289245,2.773054693
DLBCL-RICOVER_1169,1/3/20/3/2/0,31,2.11,0.66,Mature_B-Cell_Neoplasms,Activated_B-cell_Type,2,RICOVER,N/A,N/A,1,ABC,FFPE,Female,Matched,1,31,13,N/A,0.308,N/A,111.9,1.356867,0.955974,10,4,0.401,105,68,1,No,N/A,N/A,1,N/A,Yes,N/A,No,LIVING,66.4641,66.4641,Not_Progressed,ABC,N/A,Centroblastic,N/A,N/A,ABC,DLBCL-RICOVER_1169,186,408325,192,405792,33,2533,7582,0.006242114,2.269512944
DLBCL-RICOVER_1060,6/4/20/3/1/4,39,2.06,0.71,Mature_B-Cell_Neoplasms,Activated_B-cell_Type,2,RICOVER,1,N/A,1,ABC,FFPE,Male,Matched,1.3,39,7,N/A,0.314,0.0314,91.6,1.446359,1.226261,10,10,0.22,66,71,1,No,N/A,N/A,1,N/A,Yes,N/A,No,LIVING,67.0883,67.0883,Not_Progressed,ABC,N/A,Immunoblastic,N/A,N/A,ABC,DLBCL-RICOVER_1060,197,380741,216,388723,93,-7982,37786,-0.020533902,2.294466226
DLBCL-LS155,6/16/18/10/9/11,70,2.04,0.23,Mature_B-Cell_Neoplasms,Germinal_Center_B-Cell_Type,3,Mayo/Iowa,9,2,1,GCB,Frozen,Female,Matched,2.333333333,70,19,4,0.401,0.278,93.6,2.745332,2.15925,13,1,0.586,15,65,1,No,N/A,1,4,1,Yes,1,No,DECEASED,67.4,66.1,Progressed,GCB,0.005,N/A,GCB,HR,N/A,DLBCL-LS155,172,400355,172,400355,0,0,0,0,2.235528447
DLBCL-RICOVER_1199,3/9/21/2/4/5,45,2,0.5,Mature_B-Cell_Neoplasms,"Diffuse_Large_B-Cell_Lymphoma,_NOS",4,RICOVER,9,2,1,DLBCLNOS,FFPE,Male,Matched,1.5,45,18,3,0.443,0.285,88.2,1.994209,1.424435,14,3,0.57,50,71,1,No,N/A,N/A,1,N/A,Yes,N/A,No,LIVING,68.3696,68.3696,Not_Progressed,N/A,N/A,THRBCL,N/A,N/A,N/A,DLBCL-RICOVER_1199,456,811535,378,623824,199,187711,188379,0.300903781,2.658964843
DLBCL-RICOVER_1106,8/6/36/2/8/4,67,2.15,0.67,Mature_B-Cell_Neoplasms,Activated_B-cell_Type,5,RICOVER,11,1,1,ABC,FFPE,Male,Matched,2.233333333,67,28,1,0.554,0.339,97.6,2.924609,2.062619,18,11,0.862,53,63,1,No,N/A,N/A,1,N/A,Yes,N/A,Yes,LIVING,69.6509,69.6509,Not_Progressed,ABC,N/A,"Diffuse_large_B-cell_lymphoma,_NOS",N/A,N/A,ABC,DLBCL-RICOVER_1106,753,929756,531,760856,237,168900,177729,0.221986815,2.876794976
DLBCL-RICOVER_224,4/1/23/0/6/4,39,2.24,0.47,Mature_B-Cell_Neoplasms,"Diffuse_Large_B-Cell_Lymphoma,_NOS",5,RICOVER,4,N/A,1,DLBCLNOS,FFPE,Female,Matched,1.3,40,16,N/A,0.46,0.167,42.5,2.3419,1.672786,11,10,0.669,16,75,1,No,N/A,N/A,1,N/A,Yes,N/A,No,DECEASED,70.8994,69.0924,Progressed,N/A,0.005,Centroblastic,N/A,N/A,N/A,DLBCL-RICOVER_224,380,630331,396,646291,38,-15960,10457,-0.024694758,2.579783597
DLBCL-LS3245,11/7/45/14/16/4,99,3.37,0.76,Mature_B-Cell_Neoplasms,Germinal_Center_B-Cell_Type,2,Mayo/Iowa,6,1,1,GCB,Frozen,Male,Matched,3.3,98,42,2,0.856,0.177,98.6,4.133531,2.893472,29,27,1.24,98,74,1,No,N/A,N/A,3,1,Yes,1,No,LIVING,70.9,37.5,Progressed,GCB,0.005,N/A,GCB,BCR,N/A,DLBCL-LS3245,852,1.43E+06,650,1.19E+06,530,243114,332110,0.204608346,2.930439595
DLBCL-RICOVER_950,21/10/61/7/19/15,135,2.01,0.32,Mature_B-Cell_Neoplasms,"Diffuse_Large_B-Cell_Lymphoma,_NOS",4,RICOVER,8,N/A,1,DLBCLNOS,FFPE,Male,Matched,4.5,134,39,N/A,0.627,0.251,85.8,5.426305,4.203034,20,1,1.22,66,64,1,No,N/A,N/A,1,N/A,Yes,N/A,No,LIVING,71.1951,71.1951,Not_Progressed,N/A,N/A,Centroblastic,N/A,N/A,N/A,DLBCL-RICOVER_950,114,292677,114,292677,0,0,0,0,2.056904851
DLBCL-LS2245,10/6/29/5/11/5,73,1.93,0.69,Mature_B-Cell_Neoplasms,Germinal_Center_B-Cell_Type,3,Mayo/Iowa,8,2,1,GCB,Frozen,Female,Matched,2.433333333,73,32,3,0.359,0.239,91.4,3.139899,2.182977,12,16,0.957,84,77,1,No,N/A,N/A,1,N/A,Yes,N/A,No,LIVING,72.3,82,Progressed,GCB,0.005,N/A,GCB,BCR,N/A,DLBCL-LS2245,557,815651,425,659215,343,156436,170652,0.237306493,2.745855195
DLBCL-LS3204,14/11/70/6/14/9,129,3.47,0.49,Mature_B-Cell_Neoplasms,Germinal_Center_B-Cell_Type,2,Mayo/Iowa,4,N/A,1,GCB,Frozen,Male,Matched,4.3,129,39,N/A,0.477,0.119,89.8,5.006701,3.844431,16,15,1.16,34,75,1,No,N/A,N/A,1,N/A,Yes,N/A,No,LIVING,73,72.6,Not_Progressed,GCB,N/A,N/A,GCB,OxPhos,N/A,DLBCL-LS3204,286,514198,367,504713,80,9485,48136,0.018792859,2.456366033
DLBCL-RICOVER_977,32/22/67/6/11/6,148,2.03,0.49,Mature_B-Cell_Neoplasms,Activated_B-cell_Type,1,RICOVER,16,1,1,ABC,FFPE,Female,Matched,4.933333333,149,52,1,1.1,0.491,119.8,6.162744,4.568402,36,4,1.59,80,77,1,No,1,N/A,4,1,Yes,1,No,LIVING,73.3634,73.3634,Not_Progressed,ABC,N/A,Centroblastic,N/A,N/A,ABC,DLBCL-RICOVER_977,749,988328,654,909455,187,78873,100456,0.086725566,2.874481818
DLBCL-RICOVER_1081,13/10/50/9/13/14,110,2.03,0.51,Mature_B-Cell_Neoplasms,Germinal_Center_B-Cell_Type,4,RICOVER,13,N/A,1,GCB,FFPE,Female,Matched,3.666666667,110,37,N/A,0.736,0.399,119.1,4.510924,3.375522,24,7,1.14,51,67,1,No,N/A,N/A,2,N/A,Yes,1,No,LIVING,73.5606,73.5606,Not_Progressed,GCB,N/A,Centroblastic,N/A,N/A,GCB,DLBCL-RICOVER_1081,301,556344,284,533024,47,23320,29477,0.043750375,2.478566496
DLBCL-RICOVER_711,17/7/73/6/11/7,125,1.96,0.5,Mature_B-Cell_Neoplasms,Germinal_Center_B-Cell_Type,4,RICOVER,7,1,1,GCB,FFPE,Female,Matched,4.166666667,126,38,2,1.01,0.214,79.1,5.010039,3.849177,33,11,1.16,50,65,1,No,N/A,N/A,3,1,Yes,1,No,LIVING,73.7577,6.2423,Not_Progressed,GCB,N/A,Centroblastic,N/A,N/A,GCB,DLBCL-RICOVER_711,170,360985,172,355821,34,5164,7669,0.014512915,2.230448921
DLBCL-RICOVER_839,10/1/13/1/3/3,35,2.12,0.21,Mature_B-Cell_Neoplasms,"Diffuse_Large_B-Cell_Lymphoma,_NOS",2,RICOVER,4,N/A,1,DLBCLNOS,FFPE,Male,Matched,1.166666667,35,18,N/A,0.474,0.126,98.1,1.673164,1.10492,15,11,0.568,21,62,1,No,N/A,N/A,1,N/A,Yes,N/A,No,DECEASED,74.1191,74.1191,Progressed,Unclassified,N/A,"Diffuse_large_B-cell_lymphoma,_NOS",N/A,N/A,Unclassified,DLBCL-RICOVER_839,219,443559,191,423393,57,20166,20205,0.047629507,2.340444115
DLBCL-RICOVER_910,13/5/27/3/5/2,56,2,0.33,Mature_B-Cell_Neoplasms,Activated_B-cell_Type,1,RICOVER,2,N/A,1,ABC,FFPE,Female,Matched,1.866666667,57,18,N/A,0.276,0.0614,92.5,2.300859,1.748653,9,2,0.552,14,75,1,No,N/A,N/A,2,N/A,Yes,1,No,LIVING,74.4805,74.4805,Not_Progressed,ABC,N/A,THRBCL,N/A,N/A,ABC,DLBCL-RICOVER_910,139,315715,139,315715,0,0,0,0,2.1430148
DLBCL-RICOVER_763,3/5/13/0/0/0,25,1.99,0.49,Mature_B-Cell_Neoplasms,Activated_B-cell_Type,5,RICOVER,4,N/A,1,ABC,FFPE,Male,Matched,0.9,27,13,N/A,0.246,0.141,69.6,1.406185,0.949175,7,13,0.457,44,63,1,No,N/A,N/A,1,N/A,Yes,N/A,No,LIVING,76.1561,76.1561,Not_Progressed,ABC,0.04,"Diffuse_large_B-cell_lymphoma,_NOS",N/A,N/A,ABC,DLBCL-RICOVER_763,227,441640,346,469551,41,-27911,28803,-0.059441892,2.356025857
DLBCL-RICOVER_712,5/4/23/1/5/2,41,2.33,0.25,Mature_B-Cell_Neoplasms,Activated_B-cell_Type,5,RICOVER,4,N/A,1,ABC,FFPE,Female,Matched,1.366666667,41,16,2,0.541,0.12,114.3,1.713036,1.232184,18,13,0.481,24,75,1,No,N/A,N/A,2,1,Yes,N/A,No,LIVING,76.9446,76.9446,Not_Progressed,ABC,N/A,Centroblastic,N/A,N/A,ABC,DLBCL-RICOVER_712,381,588250,423,541943,162,46307,67814,0.085446255,2.580924976
DLBCL-RICOVER_685,13/7/36/4/13/3,78,2,0.72,Mature_B-Cell_Neoplasms,Germinal_Center_B-Cell_Type,5,RICOVER,12,1,1,GCB,FFPE,Male,Matched,2.6,78,25,2,0.634,0.362,111.4,3.110665,2.355649,21,11,0.755,125,62,1,No,N/A,N/A,1,N/A,Yes,N/A,Yes,LIVING,77.4045,77.4045,Not_Progressed,GCB,N/A,Centroblastic,N/A,N/A,GCB,DLBCL-RICOVER_685,645,913967,454,763188,281,150779,154304,0.197564689,2.809559715
DLBCL-RICOVER_720,11/4/40/6/1/3,69,2.3,0.59,Mature_B-Cell_Neoplasms,Activated_B-cell_Type,5,RICOVER,6,1,1,ABC,FFPE,Male,Matched,2.3,68,26,1,0.438,0.188,112.4,2.943828,2.129577,14,19,0.814,159,69,1,No,N/A,N/A,1,N/A,Yes,N/A,No,LIVING,77.5359,76.7803,Progressed,ABC,0.005,Centroblastic,N/A,N/A,ABC,DLBCL-RICOVER_720,1299,1.82E+06,863,1.19E+06,875,636024,655361,0.536692429,3.113609151
DLBCL-RICOVER_522,14/11/45/8/12/16,115,2.06,0.91,Mature_B-Cell_Neoplasms,Germinal_Center_B-Cell_Type,4,RICOVER,13,1,1,GCB,FFPE,Female,Matched,3.866666667,114,35,1,0.669,0.396,117.2,4.533294,3.468426,22,9,1.06,63,62,1,No,N/A,N/A,3,1,Yes,1,No,LIVING,80.0329,80.0329,Not_Progressed,GCB,0.005,Centroblastic,N/A,N/A,GCB,DLBCL-RICOVER_522,252,465112,344,560420,81,-95308,13126,-0.170065308,2.401400541
DLBCL-LS2325,19/5/58/5/24/13,129,1.88,0.34,Mature_B-Cell_Neoplasms,"Diffuse_Large_B-Cell_Lymphoma,_NOS",3,Mayo/Iowa,6,1,1,DLBCLNOS,Frozen,Male,Matched,4.333333333,129,31,1,0.741,0.178,101.1,4.743075,3.824104,25,18,0.919,24,58,N/A,No,N/A,N/A,N/A,N/A,Yes,N/A,No,LIVING,83,106.4,Not_Progressed,N/A,0.015,N/A,N/A,N/A,N/A,DLBCL-LS2325,830,1.85E+06,669,1.25E+06,636,607209,611978,0.487484706,2.919078092
DLBCL-LS2305,8/10/42/20/21/11,118,2.18,0.29,Mature_B-Cell_Neoplasms,"Diffuse_Large_B-Cell_Lymphoma,_NOS",3,Mayo/Iowa,11,1,1,DLBCLNOS,Frozen,Female,Matched,3.933333333,117,47,3,0.708,0.324,103,4.835482,3.449703,24,16,1.39,32,75,1,No,1,N/A,4,1,Yes,1,No,LIVING,83.1,109.6,Not_Progressed,N/A,0.005,N/A,N/A,N/A,N/A,DLBCL-LS2305,532,974169,341,660412,303,313757,314329,0.475092821,2.725911632
DLBCL-LS2264,5/5/17/5/6/8,46,2,0.19,Mature_B-Cell_Neoplasms,"Diffuse_Large_B-Cell_Lymphoma,_NOS",4,Mayo/Iowa,4,1,1,DLBCLNOS,Frozen,Male,Matched,1.533333333,46,14,2,0.236,0.118,100.2,1.766626,1.354413,8,3,0.412,14,51,N/A,Yes,N/A,N/A,2,1,Yes,1,No,LIVING,83.2,106.3,Not_Progressed,N/A,N/A,N/A,N/A,N/A,N/A,DLBCL-LS2264,236,520352,236,520352,0,0,0,0,2.372912003
DLBCL-RICOVER_361,8/9/47/7/7/10,95,2,0.76,Mature_B-Cell_Neoplasms,Germinal_Center_B-Cell_Type,4,RICOVER,9,1,1,GCB,FFPE,Female,Matched,3.2,95,29,1,0.693,0.271,115.5,3.734878,2.861398,23,N/A,0.873,17,69,1,No,N/A,N/A,2,1,Yes,N/A,No,LIVING,83.3183,83.3183,Not_Progressed,GCB,N/A,"Diffuse_large_B-cell_lymphoma,_NOS",N/A,N/A,GCB,DLBCL-RICOVER_361,99,242525,99,242525,0,0,0,0,1.995635195
DLBCL-RICOVER_401,6/3/20/3/7/7,48,2.01,0.37,Mature_B-Cell_Neoplasms,"Diffuse_Large_B-Cell_Lymphoma,_NOS",2,RICOVER,7,1,1,DLBCLNOS,FFPE,Female,Matched,1.6,48,13,2,0.389,0.21,97.8,1.826615,1.437336,13,22,0.389,18,62,1,No,N/A,N/A,1,N/A,Yes,N/A,No,LIVING,83.3183,36.501,Progressed,N/A,N/A,Centroblastic,N/A,N/A,N/A,DLBCL-RICOVER_401,1399,2.03E+06,804,1.16E+06,919,870577,881352,0.748119554,3.145817714
DLBCL-LS2258,6/4/4/1/4/1,20,1.97,0.28,Mature_B-Cell_Neoplasms,Activated_B-cell_Type,2,Mayo/Iowa,1,N/A,1,ABC,Frozen,Male,Matched,0.633333333,20,5,N/A,0.0592,0.0296,102.2,0.739657,0.591726,2,11,0.148,30,59,N/A,No,N/A,N/A,2,1,Yes,1,No,LIVING,84,54.7,Progressed,ABC,N/A,N/A,ABC,HR,N/A,DLBCL-LS2258,263,506210,236,465538,89,40672,42604,0.087365586,2.419955748
DLBCL-RICOVER_449,16/5/32/2/8/5,69,2,0.49,Mature_B-Cell_Neoplasms,"Diffuse_Large_B-Cell_Lymphoma,_NOS",5,RICOVER,10,1,1,DLBCLNOS,FFPE,Male,Matched,2.3,69,24,2,0.565,0.314,104.2,2.917789,2.164811,18,7,0.753,41,73,1,No,N/A,N/A,1,N/A,Yes,N/A,Yes,LIVING,84.6982,84.6982,Not_Progressed,N/A,N/A,Centroblastic,N/A,N/A,N/A,DLBCL-RICOVER_449,428,691962,498,712405,76,-20443,36093,-0.028695756,2.631443769
DLBCL-RICOVER_597,9/5/40/1/13/9,78,2.17,0.2,Mature_B-Cell_Neoplasms,Activated_B-cell_Type,4,RICOVER,11,N/A,1,ABC,FFPE,Male,Matched,2.6,78,24,N/A,0.602,0.331,98.4,3.068825,2.346749,20,8,0.722,13,65,1,No,N/A,N/A,1,N/A,Yes,N/A,Yes,LIVING,85.2895,85.2895,Not_Progressed,ABC,N/A,"Diffuse_large_B-cell_lymphoma,_NOS",N/A,N/A,ABC,DLBCL-RICOVER_597,505,831327,642,889285,44,-57958,26725,-0.065173707,2.703291378
DLBCL-RICOVER_533,9/5/48/5/7/8,82,1.97,0.72,Mature_B-Cell_Neoplasms,Germinal_Center_B-Cell_Type,2,RICOVER,4,1,1,GCB,FFPE,Male,Matched,2.733333333,82,29,2,0.615,0.123,82.9,3.415283,2.523002,20,23,0.892,48,67,1,No,N/A,N/A,1,N/A,Yes,N/A,No,LIVING,86.4723,86.4723,Not_Progressed,GCB,N/A,Centroblastic,N/A,N/A,GCB,DLBCL-RICOVER_533,961,1.75E+06,627,1.04E+06,613,712136,712183,0.683566345,2.982723388
DLBCL-RICOVER_473,6/3/36/3/12/11,72,2.22,0.79,Mature_B-Cell_Neoplasms,Activated_B-cell_Type,1,RICOVER,8,N/A,1,ABC,FFPE,Male,Matched,2.4,72,15,N/A,0.312,0.25,107.4,2.714669,2.246623,10,11,0.468,56,66,1,No,N/A,N/A,1,N/A,Yes,N/A,No,LIVING,86.7023,86.7023,Not_Progressed,ABC,N/A,"Diffuse_large_B-cell_lymphoma,_NOS",N/A,N/A,ABC,DLBCL-RICOVER_473,804,1.26E+06,655,1.01E+06,541,254595,258841,0.253319284,2.905256049
DLBCL-RICOVER_543,5/4/23/1/3/0,37,2.02,0.51,Mature_B-Cell_Neoplasms,"Diffuse_Large_B-Cell_Lymphoma,_NOS",5,RICOVER,3,N/A,1,DLBCLNOS,FFPE,Female,Matched,1.233333333,38,20,1,0.447,0.0894,107.7,1.729035,1.132816,15,8,0.596,32,75,1,No,N/A,N/A,3,1,Yes,1,No,DECEASED,88.2793,15.0472,Progressed,N/A,N/A,Centroblastic,N/A,N/A,N/A,DLBCL-RICOVER_543,331,596705,358,568951,145,27754,49847,0.048781002,2.519827994
DLBCL-RICOVER_417,18/5/69/0/16/5,116,2.14,0.5,Mature_B-Cell_Neoplasms,Activated_B-cell_Type,5,RICOVER,5,1,1,ABC,FFPE,Male,Matched,3.9,117,42,2,1.14,0.154,89.7,4.88543,3.594939,37,10,1.29,64,66,1,No,N/A,N/A,1,N/A,Yes,N/A,Yes,LIVING,89.6591,89.6591,Not_Progressed,ABC,N/A,"Diffuse_large_B-cell_lymphoma,_NOS",N/A,N/A,ABC,DLBCL-RICOVER_417,223,398962,385,506632,106,-107670,27045,-0.21252112,2.348304863
DLBCL-RICOVER_496,2/4/18/5/9/8,46,1.93,0.86,Mature_B-Cell_Neoplasms,Germinal_Center_B-Cell_Type,2,RICOVER,1,1,1,GCB,FFPE,Female,Matched,1.533333333,46,14,1,0.283,0.0315,104.5,1.887354,1.446972,9,8,0.44,35,66,1,No,N/A,N/A,1,N/A,Yes,N/A,No,LIVING,91.3347,91.3347,Not_Progressed,GCB,0.01,Centroblastic,N/A,N/A,GCB,DLBCL-RICOVER_496,554,1.05E+06,534,898831,268,148796,172572,0.165543912,2.743509765
DLBCL-RICOVER_299,8/6/24/5/10/4,58,3.66,0.58,Mature_B-Cell_Neoplasms,Germinal_Center_B-Cell_Type,2,RICOVER,6,1,1,GCB,FFPE,Female,Matched,1.933333333,57,38,2,0.444,0.19,85.6,3.015902,1.809541,14,33,1.21,42,62,1,No,N/A,N/A,1,N/A,Yes,N/A,No,LIVING,91.3676,91.3676,Not_Progressed,GCB,N/A,Centroblastic,N/A,N/A,GCB,DLBCL-RICOVER_299,429,735802,357,768468,131,-32666,66120,-0.042507951,2.632457292
DLBCL-LS1683,8/2/24/9/11/8,69,2.06,0.59,Mature_B-Cell_Neoplasms,Activated_B-cell_Type,5,Mayo/Iowa,5,N/A,1,ABC,Frozen,Male,Matched,2.3,69,15,N/A,0.264,0.147,107.3,2.462802,2.023016,9,12,0.44,42,51,N/A,No,1,N/A,2,N/A,Yes,1,No,LIVING,93,91.9,Not_Progressed,ABC,N/A,N/A,ABC,OxPhos,N/A,DLBCL-LS1683,1695,3.79E+06,942,1.41E+06,1463,2.38E+06,2.39E+06,1.690289893,3.229169703
DLBCL-RICOVER_253,3/8/36/6/11/10,78,3.64,0.7,Mature_B-Cell_Neoplasms,Germinal_Center_B-Cell_Type,2,RICOVER,4,1,1,GCB,FFPE,Female,Matched,2.633333333,78,26,2,0.448,0.128,95,3.326807,2.495105,14,28,0.832,337,69,1,No,N/A,N/A,1,N/A,Yes,N/A,No,DECEASED,93.1417,93.1417,Progressed,GCB,0.005,Centroblastic,N/A,N/A,GCB,DLBCL-RICOVER_253,639,1.50E+06,618,1.04E+06,472,460801,485805,0.444373404,2.805500858
DLBCL-RICOVER_384,15/7/44/12/17/9,109,2.08,0.62,Mature_B-Cell_Neoplasms,Germinal_Center_B-Cell_Type,3,RICOVER,10,N/A,1,GCB,FFPE,Female,Matched,3.633333333,111,30,N/A,0.258,0.323,65.3,4.55349,3.584662,8,20,0.969,24,66,1,No,N/A,N/A,2,1,Yes,N/A,No,LIVING,93.1417,93.1417,Not_Progressed,GCB,N/A,Centroblastic,N/A,N/A,GCB,DLBCL-RICOVER_384,424,756098,460,775076,93,-18978,59854,-0.024485341,2.627365857
DLBCL-RICOVER_467,13/8/47/4/11/4,89,3.74,0.73,Mature_B-Cell_Neoplasms,Activated_B-cell_Type,5,RICOVER,5,2,1,ABC,FFPE,Male,Matched,2.9,88,26,2,0.801,0.154,89,3.511143,2.710356,26,22,0.801,77,62,1,No,N/A,N/A,1,N/A,Yes,N/A,No,LIVING,94.5544,94.5544,Not_Progressed,ABC,N/A,Centroblastic,N/A,N/A,ABC,DLBCL-RICOVER_467,577,792379,476,680714,225,111665,153755,0.164040992,2.761175813
DLBCL-RICOVER_338,12/7/61/8/27/29,146,2.08,0.22,Mature_B-Cell_Neoplasms,Germinal_Center_B-Cell_Type,4,RICOVER,11,N/A,1,GCB,FFPE,Male,Matched,4.966666667,150,42,N/A,0.832,0.366,57.2,6.389384,4.991706,25,4,1.4,13,64,1,No,N/A,N/A,1,N/A,Yes,N/A,No,LIVING,94.653,94.653,Not_Progressed,GCB,N/A,"Diffuse_large_B-cell_lymphoma,_NOS",N/A,N/A,GCB,DLBCL-RICOVER_338,168,392812,174,395010,32,-2198,3948,-0.005564416,2.225309282
DLBCL-LS1757,13/7/50/5/13/5,97,1.95,0.64,Mature_B-Cell_Neoplasms,"Diffuse_Large_B-Cell_Lymphoma,_NOS",1,Mayo/Iowa,11,2,1,DLBCLNOS,Frozen,Male,Matched,3.266666667,98,28,3,0.505,0.327,99.7,3.745556,2.91321,17,7,0.832,45,82,1,No,N/A,N/A,2,N/A,Yes,1,No,LIVING,94.8,121.5,Not_Progressed,Unclassified,N/A,N/A,Unclassified,BCR,N/A,DLBCL-LS1757,653,859712,435,697728,263,161984,162217,0.232159237,2.814913181
DLBCL-LS1668,9/13/57/9/10/6,110,2.02,0.75,Mature_B-Cell_Neoplasms,"Diffuse_Large_B-Cell_Lymphoma,_NOS",2,Mayo/Iowa,14,1,1,DLBCLNOS,Frozen,Female,Matched,3.666666667,109,33,2,0.772,0.416,99.4,4.219,3.238528,26,22,0.98,84,62,1,No,N/A,N/A,2,1,Yes,N/A,No,LIVING,95,109.5,Not_Progressed,N/A,0.005,N/A,N/A,N/A,N/A,DLBCL-LS1668,769,1.80E+06,668,1.18E+06,513,613731,614427,0.518589528,2.88592634
DLBCL-LS1921,21/23/47/22/26/23,164,1.76,0.73,Mature_B-Cell_Neoplasms,Germinal_Center_B-Cell_Type,2,Mayo/Iowa,9,1,1,GCB,Frozen,Female,Matched,5.5,164,48,2,0.503,0.266,102,6.267394,4.848362,17,24,1.42,69,72,1,No,N/A,N/A,2,1,Yes,N/A,No,LIVING,95.1,5.4,Progressed,GCB,N/A,N/A,GCB,OxPhos,N/A,DLBCL-LS1921,628,986775,607,940138,166,46637,100332,0.049606547,2.797959644
DLBCL-LS1546,6/2/28/2/2/1,43,2.01,0.84,Mature_B-Cell_Neoplasms,Activated_B-cell_Type,5,Mayo/Iowa,2,N/A,1,ABC,Frozen,Male,Matched,1.433333333,43,9,N/A,0.177,0.059,97.6,1.534913,1.269255,6,13,0.266,47,71,1,No,N/A,N/A,2,N/A,Yes,1,No,LIVING,95.3,119.5,Not_Progressed,ABC,N/A,N/A,ABC,BCR,N/A,DLBCL-LS1546,144,346346,177,387753,51,-41407,20255,-0.106787053,2.158362492
DLBCL-LS1899,37/25/141/13/27/15,267,2.2,0.29,Mature_B-Cell_Neoplasms,Germinal_Center_B-Cell_Type,4,Mayo/Iowa,5,N/A,1,GCB,Frozen,Male,Matched,8.966666667,267,95,N/A,1.22,0.145,117.7,10.527212,7.764546,42,6,2.76,28,55,N/A,No,N/A,N/A,N/A,N/A,Yes,N/A,No,LIVING,95.7,106.7,Not_Progressed,GCB,0.005,N/A,GCB,HR,N/A,DLBCL-LS1899,139,316741,139,316386,32,355,442,0.001122047,2.1430148
DLBCL-RICOVER_266,2/3/20/1/3/2,31,1.84,0.27,Mature_B-Cell_Neoplasms,Activated_B-cell_Type,2,RICOVER,1,1,1,ABC,FFPE,Female,Matched,1.033333333,31,11,2,0.155,0.031,97.1,1.301688,0.96077,5,12,0.341,46,65,1,No,N/A,N/A,1,N/A,Yes,N/A,No,LIVING,96.7556,83.1211,Progressed,ABC,N/A,"Diffuse_large_B-cell_lymphoma,_NOS",N/A,N/A,ABC,DLBCL-RICOVER_266,535,918145,547,849594,137,68551,95895,0.080686775,2.728353782
DLBCL-RICOVER_269,9/9/44/5/4/2,73,2.6,0.36,Mature_B-Cell_Neoplasms,Germinal_Center_B-Cell_Type,3,RICOVER,4,1,1,GCB,FFPE,Female,Matched,2.4,72,24,1,0.582,0.129,83.8,3.105009,2.328757,18,15,0.776,28,63,1,Yes,N/A,1,3,N/A,Yes,1,No,LIVING,98.037,98.037,Not_Progressed,GCB,0.01,Centroblastic,N/A,N/A,GCB,DLBCL-RICOVER_269,280,512531,263,496615,133,15916,100077,0.032048972,2.447158031
DLBCL-RICOVER_314,5/2/29/6/6/3,52,2.2,0.65,Mature_B-Cell_Neoplasms,"Diffuse_Large_B-Cell_Lymphoma,_NOS",5,RICOVER,5,N/A,1,DLBCLNOS,FFPE,Male,Matched,1.733333333,52,12,N/A,0.49,0.204,42.1,2.614313,2.12413,12,14,0.49,22,67,1,No,N/A,N/A,1,N/A,Yes,N/A,No,LIVING,98.3326,98.3326,Not_Progressed,N/A,0.005,Centroblastic,N/A,N/A,N/A,DLBCL-RICOVER_314,597,862120,597,800586,123,61534,96104,0.076861199,2.775974331
DLBCL-RICOVER_288,5/5/39/3/8/3,64,3.9,0.23,Mature_B-Cell_Neoplasms,Activated_B-cell_Type,2,RICOVER,5,1,1,ABC,FFPE,Male,Matched,2.133333333,64,32,2,0.603,0.159,88,3.048301,2.0322,19,22,1.02,33,62,1,No,N/A,N/A,1,N/A,Yes,N/A,No,LIVING,98.4641,98.4641,Not_Progressed,ABC,0.005,Centroblastic,N/A,N/A,ABC,DLBCL-RICOVER_288,511,859009,551,846161,128,12848,65332,0.015183872,2.7084209
DLBCL-RICOVER_173,2/3/17/2/8/1,33,2.02,0.3,Mature_B-Cell_Neoplasms,Activated_B-cell_Type,5,RICOVER,6,N/A,1,ABC,FFPE,Male,Matched,1.1,33,10,N/A,0.279,0.186,105.9,1.331818,1.022093,9,1,0.31,13,66,1,No,N/A,N/A,2,N/A,Yes,1,Yes,LIVING,102.2752,102.2752,Not_Progressed,ABC,N/A,Centroblastic,N/A,N/A,ABC,DLBCL-RICOVER_173,319,537996,278,487293,92,50703,53579,0.104050335,2.503790683
DLBCL-RICOVER_151,7/7/47/5/14/23,106,2.2,0.41,Mature_B-Cell_Neoplasms,"Diffuse_Large_B-Cell_Lymphoma,_NOS",4,RICOVER,9,N/A,1,DLBCLNOS,FFPE,Female,Matched,3.566666667,106,30,N/A,0.793,0.297,73.5,4.491633,3.500832,24,17,0.991,70,73,1,No,N/A,N/A,1,N/A,Yes,N/A,No,LIVING,104.6735,104.6735,Not_Progressed,N/A,0.005,Centroblastic,N/A,N/A,N/A,DLBCL-RICOVER_151,497,859510,600,870862,172,-11352,124113,-0.01303536,2.696356389
DLBCL-LS1098,15/20/49/13/18/55,176,2.2,0.63,Mature_B-Cell_Neoplasms,"Diffuse_Large_B-Cell_Lymphoma,_NOS",3,Mayo/Iowa,13,1,1,DLBCLNOS,Frozen,Male,Matched,5.9,177,56,2,0.53,0.383,99,6.86424,5.214466,18,9,1.65,52,70,1,No,N/A,N/A,1,N/A,Yes,N/A,No,LIVING,107,129.9,Not_Progressed,N/A,N/A,N/A,N/A,N/A,N/A,DLBCL-LS1098,192,403873,235,434520,123,-30647,63434,-0.070530701,2.283301229
DLBCL-RICOVER_134,9/7/49/6/8/9,89,2.23,0.91,Mature_B-Cell_Neoplasms,Activated_B-cell_Type,5,RICOVER,10,1,1,ABC,FFPE,Male,Matched,3,90,26,1,0.886,0.317,94.7,3.67236,2.849245,28,13,0.823,108,69,1,No,N/A,N/A,1,N/A,Yes,N/A,No,LIVING,107.5975,107.5975,Not_Progressed,ABC,N/A,Centroblastic,N/A,N/A,ABC,DLBCL-RICOVER_134,454,699694,514,784827,62,-85133,10091,-0.108473587,2.657055853
DLBCL-RICOVER_99,3/0/22/2/0/0,29,2.03,0.52,Mature_B-Cell_Neoplasms,Activated_B-cell_Type,5,RICOVER,4,N/A,1,ABC,FFPE,Female,Matched,0.966666667,29,11,1,0.461,0.123,106.7,1.228213,0.890455,15,5,0.338,31,64,1,No,N/A,1,3,N/A,Yes,1,No,LIVING,109.963,109.963,Not_Progressed,ABC,N/A,Centroblastic,N/A,N/A,ABC,DLBCL-RICOVER_99,428,691962,498,712405,76,-20443,36093,-0.028695756,2.631443769
DLBCL-LS1395,5/2/18/4/7/9,47,1.98,0.21,Mature_B-Cell_Neoplasms,"Diffuse_Large_B-Cell_Lymphoma,_NOS",3,Mayo/Iowa,6,1,1,DLBCLNOS,Frozen,Male,Matched,1.566666667,47,16,2,0.268,0.178,97.8,1.874168,1.398189,9,6,0.476,17,59,N/A,No,N/A,N/A,1,N/A,Yes,1,No,LIVING,120.4,27.6,Progressed,Unclassified,N/A,N/A,Unclassified,OxPhos,N/A,DLBCL-LS1395,496,793343,581,793692,156,-349,60212,-0.000439717,2.695481676
DLBCL-DFCI_DLBCL_Goe05,3/2/14/1/6/1,28,2.23,0.86,Mature_B-Cell_Neoplasms,"Diffuse_Large_B-Cell_Lymphoma,_NOS",2,Goettingen,5,N/A,1,DLBCLNOS,Frozen,Female,Matched,0.933333333,28,11,N/A,0.307,0.154,75.9,1.198632,0.860556,10,11,0.338,58,63,1,No,N/A,N/A,3,1,Yes,1,No,LIVING,127.4666667,127.4666667,Not_Progressed,N/A,0.005,Centroblastic,N/A,N/A,N/A,DLBCL-DFCI_DLBCL_Goe05,331,596705,358,568951,145,27754,49847,0.048781002,2.519827994
