TYPE,ALTERATION,GENE,PARAMETER,AMOUNT
CNA,AMP,BAD,k1_81-apoptosis,1.5
CNA,AMP,BAX,k1_86-apoptosis,1.5
CNA,AMP,BCL2,k1_bcl2Exp-linking,1.5
CNA,HETLOSS,CASP3,k1_101-apoptosis,0.5
CNA,AMP,CCNB1,k2_1a-cellCycle,1.5
CNA,AMP,CCNE1,k3_7-cellCycle,1.5
CNA,HETLOSS,CDKN1B,k2_5-cellCycle,0.5
CNA,AMP,CYCS,k1_113-apoptosis,1.5
CNA,AMP,MCL1,k1_bcl2Exp-linking,1.5
CNA,AMP,MYD88,k2_scalingNumber-NFkB,1.5
CNA,AMP,NFKBIB,k1_tIkBb-NFkB,1.5
CNA,AMP,NFKBIE,kmax_IkBeSynth-NFkB,1.5
CNA,AMP,PARP1,k1_108-apoptosis,1.5
CNA,HETLOSS,PARP1,k1_108-apoptosis,0.5
CNA,HETLOSS,PRDM1,k1_s_Blimp1-differentiation,0.5
CNA,HETLOSS,RB1,k1_26-cellCycle,0.5
CNA,AMP,REL,basal_cRelSynth-linking,1.5
FUSION,BCL6-HNRNPC_Fusion,BCL6,k1_s_Bcl6-differentiation,1.5
FUSION,BCL6-CD74_Fusion,BCL6,k1_s_Bcl6-differentiation,1.5
FUSION,BCL6-IGLL5_Fusion,BCL6,k1_s_Bcl6-differentiation,1.5
FUSION,BCL6-PKM2_Fusion,BCL6,k1_s_Bcl6-differentiation,1.5
FUSION,MYC-ACTB_Fusion,MYC,k1_mycExp-linking,1.5
INFRAME,Y197_E198del,CD79B,k2_scalingNumber-NFkB,1.5
MISSENSE,P166A,BAD,0,1
MISSENSE,F38L,BCL10,0,1
MISSENSE,Y154N,BCL10,0,1
MISSENSE,R58Q,BCL10,k2_scalingNumber-NFkB,1.5
MISSENSE,N172S,BCL2,k1_bcl2Exp-linking,1.5
MISSENSE,T125S,BCL2,0,1
MISSENSE,P57L,BCL2,0,1
MISSENSE,F124L,BCL2,0,1
MISSENSE,Q118H,BCL2,0,1
MISSENSE,M157L,BCL2,0,1
MISSENSE,P90S,BCL2,0,1
MISSENSE,Y180D,BCL2,0,1
MISSENSE,S161T,BCL2,0,1
MISSENSE,G8E,BCL2,0,1
MISSENSE,N11Y,BCL2,0,1
MISSENSE,Q25L,BCL2,0,1
MISSENSE,P59A,BCL2,k1_bcl2Exp-linking,1.5
MISSENSE,G33R,BCL2,k1_bcl2Exp-linking,1.5
MISSENSE,L119V,BCL2,0,1
MISSENSE,F49L,BCL2,0,1
MISSENSE,A45T,BCL2,0,1
MISSENSE,D31G,BCL2,0,1
MISSENSE,H3P,BCL2,0,1
MISSENSE,A2P,BCL2,0,1
MISSENSE,L86V,BCL2,0,1
MISSENSE,N163S,BCL2,0,1
MISSENSE,H20Q,BCL2,0,1
MISSENSE,T56S,BCL2,0,1
MISSENSE,D34H,BCL2,0,1
MISSENSE,R129H,BCL2,0,1
MISSENSE,M16L,BCL2,0,1
MISSENSE,Y180F,BCL2,0,1
MISSENSE,Y108C,BCL2,0,1
MISSENSE,Y108H,BCL2,0,1
MISSENSE,Q73E,BCL2,0,1
MISSENSE,G33A,BCL2,k1_bcl2Exp-linking,1.5
MISSENSE,H120Y,BCL2,0,1
MISSENSE,G47V,BCL2,0,1
MISSENSE,A2S,BCL2,0,1
MISSENSE,A113D,BCL2,0,1
MISSENSE,R6G,BCL2,0,1
MISSENSE,E29A,BCL2,0,1
MISSENSE,G47D,BCL2,0,1
MISSENSE,Q73L,BCL2,0,1
MISSENSE,A131V,BCL2,k1_bcl2Exp-linking,1.5
MISSENSE,T7S,BCL2,0,1
MISSENSE,F124I,BCL2,0,1
MISSENSE,A43V,BCL2,0,1
MISSENSE,L86F,BCL2,0,1
MISSENSE,M16V,BCL2,0,1
MISSENSE,Q118R,BCL2,0,1
MISSENSE,N163K,BCL2,0,1
MISSENSE,A76S,BCL2,0,1
MISSENSE,R34K,BCL2L1,0,1
MISSENSE,Y111H,BCL6,0,1
MISSENSE,A587G,BCL6,0,1
MISSENSE,R585W,BCL6,0,1
MISSENSE,Q679K,BCL6,0,1
MISSENSE,P341H,BCL6,0,1
MISSENSE,S350R,BCL6,0,1
MISSENSE,R40H,BCL6,0,1
MISSENSE,Y91N,BCL6,0,1
MISSENSE,D29A,BCL6,0,1
MISSENSE,F43S,BCL6,0,1
MISSENSE,D357V,CARD11,k2_scalingNumber-NFkB,1.5
MISSENSE,T117P,CARD11,k2_scalingNumber-NFkB,1.5
MISSENSE,R114T,CARD11,0,1
MISSENSE,R337Q,CARD11,k2_scalingNumber-NFkB,1.5
MISSENSE,C49S,CARD11,k2_scalingNumber-NFkB,1.5
MISSENSE,E432K,CARD11,0,1
MISSENSE,K182N,CARD11,0,1
MISSENSE,E626K,CARD11,k2_scalingNumber-NFkB,1.5
MISSENSE,D401N,CARD11,k2_scalingNumber-NFkB,1.5
MISSENSE,F115I,CARD11,k2_scalingNumber-NFkB,1.5
MISSENSE,R114G,CARD11,0,1
MISSENSE,F115L,CARD11,k2_scalingNumber-NFkB,1.5
MISSENSE,G123S,CARD11,k2_scalingNumber-NFkB,1.5
MISSENSE,E93D,CARD11,k2_scalingNumber-NFkB,1.5
MISSENSE,R207C,CARD11,0,1
MISSENSE,R247G,CARD11,0,1
MISSENSE,Y340C,CARD11,0,1
MISSENSE,L341M,CARD11,0,1
MISSENSE,G123D,CARD11,k2_scalingNumber-NFkB,1.5
MISSENSE,D29G,CCNA2,0,1
MISSENSE,T341M,CCNE1,0,1
MISSENSE,L299F,CCNE1,0,1
MISSENSE,Y197N,CD79B,k2_scalingNumber-NFkB,1.5
MISSENSE,Y197D,CD79B,k2_scalingNumber-NFkB,1.5
MISSENSE,Q204E,CD79B,0,1
MISSENSE,V9A,CD79B,0,1
MISSENSE,Y197H,CD79B,k2_scalingNumber-NFkB,1.5
MISSENSE,G190A,CD79B,0,1
MISSENSE,Y197S,CD79B,k2_scalingNumber-NFkB,1.5
MISSENSE,Y197C,CD79B,k2_scalingNumber-NFkB,1.5
MISSENSE,E198G,CD79B,0,1
MISSENSE,Y197F,CD79B,k2_scalingNumber-NFkB,1.5
MISSENSE,L200Q,CD79B,0,1
MISSENSE,A189G,CD79B,0,1
MISSENSE,G284V,CDC20,0,1
MISSENSE,E413G,CDC20,0,1
MISSENSE,T340M,CDH1,k1_3a-cellCycle,0.5
MISSENSE,T251M,CDH1,0,1
MISSENSE,I167V,E2F1,0,1
MISSENSE,C99R,IRF4,k1_s_IRF4-linking,0.5
MISSENSE,N131D,IRF8,0,1
MISSENSE,I424N,IRF8,0,1
MISSENSE,S55A,IRF8,0,1
MISSENSE,T80A,IRF8,k1_s_IRF4-linking,0.5
MISSENSE,Y23H,IRF8,0,1
MISSENSE,V216I,MCL1,0,1
MISSENSE,M231I,MCL1,0,1
MISSENSE,S121P,MCL1,0,1
MISSENSE,V216L,MCL1,0,1
MISSENSE,F153S,MYC,0,1
MISSENSE,S184C,MYC,0,1
MISSENSE,S190N,MYC,0,1
MISSENSE,N215S,MYC,0,1
MISSENSE,T373K,MYC,0,1
MISSENSE,A59V,MYC,0,1
MISSENSE,R346T,MYC,0,1
MISSENSE,A59T,MYC,0,1
MISSENSE,Y47N,MYC,0,1
MISSENSE,C203F,MYC,0,1
MISSENSE,T263S,MYC,0,1
MISSENSE,Y89D,MYC,0,1
MISSENSE,S107N,MYC,0,1
MISSENSE,Y37F,MYC,0,1
MISSENSE,P261S,MYC,0,1
MISSENSE,E54D,MYC,0,1
MISSENSE,N142D,MYC,0,1
MISSENSE,Y167C,MYC,0,1
MISSENSE,S21R,MYC,0,1
MISSENSE,L265P,MYD88,k2_scalingNumber-NFkB,1.5
MISSENSE,S243N,MYD88,k2_scalingNumber-NFkB,1.5
MISSENSE,M232T,MYD88,k2_scalingNumber-NFkB,1.5
MISSENSE,K112N,NFKB2,0,1
MISSENSE,C4Y,NFKB2,0,1
MISSENSE,I126M,NFKBIA,0,1
MISSENSE,A133T,NFKBIA,0,1
MISSENSE,F103V,NFKBIA,0,1
MISSENSE,V233G,NFKBIA,0,1
MISSENSE,N105T,NFKBIA,0,1
MISSENSE,H79P,NFKBIA,0,1
MISSENSE,L423Q,NFKBIE,0,1
MISSENSE,H409D,NFKBIE,0,1
MISSENSE,L374F,NFKBIE,0,1
MISSENSE,A884V,PARP1,0,1
MISSENSE,P8S,PAX5,0,1
MISSENSE,S133N,PAX5,0,1
MISSENSE,G16R,PAX5,0,1
MISSENSE,A491V,PRDM1,0,1
MISSENSE,T626M,PRDM1,0,1
MISSENSE,P84L,PRDM1,0,1
MISSENSE,C633Y,PRDM1,0,1
MISSENSE,L223P,RB1,0,1
MISSENSE,A234D,REL,0,1
MISSENSE,N192S,REL,0,1
MISSENSE,C203R,RELB,0,1
MISSENSE,N239D,TP53,k1_bcl2Exp-linking,1.5
MISSENSE,G245S,TP53,k1_bcl2Exp-linking,1.5
MISSENSE,R248Q,TP53,k1_bcl2Exp-linking,1.5
MISSENSE,C176S,TP53,k1_bcl2Exp-linking,1.5
MISSENSE,R282W,TP53,k1_bcl2Exp-linking,1.5
MISSENSE,F134L,TP53,k1_bcl2Exp-linking,1.5
MISSENSE,F109S,TP53,k1_bcl2Exp-linking,1.5
MISSENSE,C176F,TP53,k1_bcl2Exp-linking,1.5
MISSENSE,R249G,TP53,k1_bcl2Exp-linking,1.5
MISSENSE,P152L,TP53,k1_bcl2Exp-linking,1.5
MISSENSE,E286K,TP53,k1_bcl2Exp-linking,1.5
MISSENSE,M237I,TP53,k1_bcl2Exp-linking,1.5
MISSENSE,R248W,TP53,k1_bcl2Exp-linking,1.5
MISSENSE,Y236C,TP53,k1_bcl2Exp-linking,1.5
MISSENSE,G244D,TP53,k1_bcl2Exp-linking,1.5
MISSENSE,R282G,TP53,k1_bcl2Exp-linking,1.5
MISSENSE,E285K,TP53,k1_bcl2Exp-linking,1.5
MISSENSE,R175H,TP53,k1_bcl2Exp-linking,1.5
MISSENSE,M246K,TP53,k1_bcl2Exp-linking,1.5
MISSENSE,I232F,TP53,k1_bcl2Exp-linking,1.5
MISSENSE,C242S,TP53,k1_bcl2Exp-linking,1.5
MISSENSE,N239S,TP53,k1_bcl2Exp-linking,1.5
MISSENSE,G188E,XIAP,0,1
SPLICE,X198_splice,CD79B,0,1
SPLICE,X159_splice,CDKN1B,k2_5-cellCycle,0.5
SPLICE,X112_splice,NFKBIA,kmax_IkBaSynth-NFkB,0.5
SPLICE,X16_splice,PAX5,k1_e_pax5-differentiation,0.5
SPLICE,X97_splice,PRDM1,k1_s_Blimp1-differentiation,0.5
SPLICE,E97=,PRDM1,0,1
SPLICE,X99_splice,TNFAIP3,k2_scalingNumber-NFkB,1.5
STRUCVAR,KIAA0125-BCL2 Fusion KIAA0125-BCL2 Fusion,BCL2,k1_bcl2Exp-linking,1.5
STRUCVAR,KIAA0125-BCL2 Fusion,BCL2,k1_bcl2Exp-linking,1.5
STRUCVAR,BCL2-KIAA0125 Fusion,BCL2,k1_bcl2Exp-linking,1.5
STRUCVAR,KIAA0125-BCL2 Fusion SKAP1-BCL2 Fusion,BCL2,k1_bcl2Exp-linking,1.5
STRUCVAR,KIAA0125-BCL2 Fusion NCRNA00226-BCL2 Fusion,BCL2,k1_bcl2Exp-linking,1.5
STRUCVAR,BCL2-FLJ40330 Fusion,BCL2,k1_bcl2Exp-linking,1.5
STRUCVAR,KIAA0125-BCL2 Fusion KIAA0125-BCL2 Fusion KIAA0125-BCL2 Fusion,BCL2,k1_bcl2Exp-linking,1.5
STRUCVAR,Transcript fusion (HNRNPC-BCL6) Transcript fusion (BCL6-HNRNPC),BCL6,k1_s_Bcl6-differentiation,1.5
STRUCVAR,BCL6-GRHPR Fusion,BCL6,k1_s_Bcl6-differentiation,1.5
STRUCVAR,Transcript fusion (BCL6-CD74),BCL6,k1_s_Bcl6-differentiation,1.5
STRUCVAR,Antisense fusion BCL6-IGLL5 Fusion,BCL6,k1_s_Bcl6-differentiation,1.5
STRUCVAR,BCL6-KIAA0125 Fusion BCL6-KIAA0125 Fusion BCL6-KIAA0125 Fusion,BCL6,k1_s_Bcl6-differentiation,1.5
STRUCVAR,BCL6-TOP3B Fusion BCL6-TOP3B Fusion,BCL6,k1_s_Bcl6-differentiation,1.5
STRUCVAR,BCL6-GGTLC2 Fusion BCL6-GGTLC2 Fusion,BCL6,k1_s_Bcl6-differentiation,1.5
STRUCVAR,BCL6-KIAA0125 Fusion,BCL6,k1_s_Bcl6-differentiation,1.5
STRUCVAR,BCL6-KIAA0125 Fusion BCL6-KIAA0125 Fusion,BCL6,k1_s_Bcl6-differentiation,1.5
STRUCVAR,MYC-TMEM121 Fusion,MYC,k1_mycTsl-linking,1.5
STRUCVAR,MYC-KIAA0125 Fusion,MYC,k1_mycTsl-linking,1.5
STRUCVAR,MYC-ZCCHC7 Fusion,MYC,k1_mycTsl-linking,1.5
STRUCVAR,Transcript fusion (MYC-ACTB) Transcript fusion (ACTB-MYC),MYC,k1_mycTsl-linking,1.5
TRUNC,L174*,BCL10,k2_scalingNumber-NFkB,1.5
TRUNC,L209*,BCL10,k2_scalingNumber-NFkB,1.5
TRUNC,Q208*,BCL10,k2_scalingNumber-NFkB,1.5
TRUNC,R650*,BCL6,0,1
TRUNC,T207Nfs*3,CD79B,0,1
TRUNC,Y208*,CD79B,0,1
TRUNC,Q99*,CDKN2A,k1_26-cellCycle,0.5
TRUNC,R58*,CDKN2A,k1_26-cellCycle,0.5
TRUNC,P398Rfs*56,IRF8,k1_s_IRF4-linking,0.5
TRUNC,G388Afs*3,IRF8,k1_s_IRF4-linking,0.5
TRUNC,L1?,MYC,0,1
TRUNC,N106Kfs*15,NFKB1,0,1
TRUNC,L249Ffs*49,NFKB2,0,1
TRUNC,W11*,NFKBIA,kmax_IkBaSynth-NFkB,0.5
TRUNC,Q111*,NFKBIA,kmax_IkBaSynth-NFkB,0.5
TRUNC,C239*,NFKBIA,kmax_IkBaSynth-NFkB,0.5
TRUNC,Y254Sfs*13,NFKBIE,0,1
TRUNC,S360Ffs*71,NFKBIE,0,1
TRUNC,L3*,PAX5,k1_e_pax5-differentiation,0.5
TRUNC,Y60*,PRDM1,k1_s_Blimp1-differentiation,0.5
TRUNC,Y418Lfs*6,PRDM1,k1_s_Blimp1-differentiation,0.5
TRUNC,Q171*,PRDM1,k1_s_Blimp1-differentiation,0.5
TRUNC,R113*,RELB,0,1
TRUNC,I208Sfs*9,TNFAIP3,k2_scalingNumber-NFkB,1.5
TRUNC,R71Kfs*29,TNFAIP3,k2_scalingNumber-NFkB,1.5
TRUNC,L403Afs*5,TNFAIP3,k2_scalingNumber-NFkB,1.5
TRUNC,E633*,TNFAIP3,k2_scalingNumber-NFkB,1.5
TRUNC,R213*,TP53,k1_bcl2Exp-linking,1.5
TRUNC,M133Ifs*17,TP53,k1_bcl2Exp-linking,1.5
TRUNC,R342*,TP53,k1_bcl2Exp-linking,1.5
TRUNC,Q192*,TP53,k1_bcl2Exp-linking,1.5
TRUNC,E326*,TP53,k1_bcl2Exp-linking,1.5
